Name,תאריך,אנשים שמועבר עליהם,חפצים מועברים,מאיפה יוצאת המסירה,לאן נמסרת,מאיפה יוצאת המסירה - אחר,לאן המסירה אחר,Created,Autonumber 
"1-משחקים לילדים  - 7, ספרים - 6-30/09/2025-כסיפה, תל שבע, נווה מדבר",30/09/2025 3:00,4,"משחקים לילדים  - 7,ספרים - 6",ערערה בנגב,"כסיפה,תל שבע,נווה מדבר",,,9/30/2025 3:06pm,1
2-סט ספות - 1-18/08/2025-כסיפה,18/08/2025 3:00,1,סט ספות - 1,ערערה בנגב,כסיפה,,,10/14/2025 10:26pm,2
"3-ספרים - 20, תיק בית ספר - 15, שקית בגדים - 5, סלים מעוצבים - 15, קרטון כלי מטבח - 5-19/08/2025-כסיפה, נווה מדבר",19/08/2025 3:00,6,"ספרים - 20,תיק בית ספר - 15,שקית בגדים - 5,סלים מעוצבים - 15,קרטון כלי מטבח - 5",ערערה בנגב,"כסיפה,נווה מדבר",,,10/14/2025 10:37pm,3
4-סט ספות - 9-19/08/2025-כסיפה,19/08/2025 3:00,2,סט ספות - 9,ערערה בנגב,כסיפה,,,10/14/2025 10:38pm,4
5-שקית בגדים - 6-19/08/2025-כסיפה,19/08/2025 3:00,1,שקית בגדים - 6,ערערה בנגב,כסיפה,,,10/14/2025 10:39pm,5
6-שקית בגדים - 4-19/08/2025-נווה מדבר,19/08/2025 3:00,1,שקית בגדים - 4,ערערה בנגב,נווה מדבר,,,10/14/2025 10:40pm,6
"7-תיק בית ספר - 12-19/08/2025-נווה מדבר, תל שבע",19/08/2025 3:00,3,תיק בית ספר - 12,תל שבע,"נווה מדבר,תל שבע",,,10/14/2025 10:41pm,7
"8-מיקרוגל - 1, שידת איפור - 1, שידת מגירות למשרד - 1, מכונת כביסה - 2, ארון מטבח קטן - 1, מתקן מים - 1, תנור - 1-19/08/2025-ערערה בנגב, נווה מדבר, כסיפה",19/08/2025 3:00,5,"מיקרוגל - 1,שידת איפור - 1,שידת מגירות למשרד - 1,מכונת כביסה - 2,ארון מטבח קטן - 1,מתקן מים - 1,תנור - 1",ערערה בנגב,"ערערה בנגב,נווה מדבר,כסיפה",,,10/14/2025 10:48pm,8
"9-ספרים - 20, תיק בית ספר - 6-20/08/2025-ערערה בנגב",20/08/2025 3:00,2,"ספרים - 20,תיק בית ספר - 6",ערערה בנגב,ערערה בנגב,,,10/14/2025 10:50pm,9
10-שקית בגדים - 2-20/08/2025-ערערה בנגב,20/08/2025 3:00,1,שקית בגדים - 2,ערערה בנגב,ערערה בנגב,,,10/14/2025 10:51pm,10
"11-תנור - 1, סיר טיגון - 1-20/08/2025-כסיפה",20/08/2025 3:00,2,"תנור - 1,סיר טיגון - 1",כסיפה,כסיפה,,,10/14/2025 10:54pm,11
12-מיטת תינוק - 1-20/08/2025-כסיפה,20/08/2025 3:00,1,מיטת תינוק - 1,ערערה בנגב,כסיפה,,,10/14/2025 10:55pm,12
"13-שקית בגדים - 5, סדינים למיטה - 3-20/08/2025-ערערה בנגב, כסיפה",20/08/2025 3:00,2,"שקית בגדים - 5,סדינים למיטה - 3",ערערה בנגב,"ערערה בנגב,כסיפה",,,10/14/2025 10:57pm,13
"14-תיק בית ספר - 3, שקית בגדים - 4-20/08/2025-חברון",20/08/2025 3:00,1,"תיק בית ספר - 3,שקית בגדים - 4",ערערה בנגב,חברון,,חברון,10/14/2025 10:59pm,14
15-ארון תכשיטים - 1-20/08/2025-כסיפה,20/08/2025 3:00,1,ארון תכשיטים - 1,ערערה בנגב,כסיפה,,,10/14/2025 11:00pm,15
16-ספרים - 30-21/08/2025-ערערה בנגב,21/08/2025 3:00,1,ספרים - 30,ערערה בנגב,ערערה בנגב,,,10/14/2025 11:01pm,16
17-שולחן - 1-21/08/2025-כסיפה,21/08/2025 3:00,1,שולחן - 1,ערערה בנגב,כסיפה,,,10/14/2025 11:02pm,17
18-סט מצעים וכריות - 18-21/08/2025-חורה,21/08/2025 3:00,1,סט מצעים וכריות - 18,ערערה בנגב,חורה,,,10/14/2025 11:05pm,18
19-ספרים - 9-21/08/2025-ערערה בנגב,21/08/2025 3:00,1,ספרים - 9,ערערה בנגב,ערערה בנגב,,,10/14/2025 11:06pm,19
"20-ספרים - 12, תיק בית ספר - 5, קרטון כלי מטבח - 3, אמבטיה לתינוק - 1-21/08/2025-ערערה בנגב",21/08/2025 3:00,2,"ספרים - 12,תיק בית ספר - 5,קרטון כלי מטבח - 3,אמבטיה לתינוק - 1",ערערה בנגב,ערערה בנגב,,,10/14/2025 11:08pm,20
"21-ספרים - 30, תיק בית ספר - 5, כיסא בטיחות לרכב - 2-21/08/2025-ערערה בנגב, כסיפה",21/08/2025 3:00,3,"ספרים - 30,תיק בית ספר - 5,כיסא בטיחות לרכב - 2",ערערה בנגב,"ערערה בנגב,כסיפה",,,10/14/2025 11:12pm,21
22-מיטה - 2-21/08/2025-רהט,21/08/2025 3:00,1,מיטה - 2,רהט,רהט,,,10/14/2025 11:13pm,22
"23-ספרים - 12, שקית בגדים - 4, סדינים למיטה - 2, וילונות - 6-21/08/2025-לקיה",21/08/2025 3:00,3,"ספרים - 12,שקית בגדים - 4,סדינים למיטה - 2,וילונות - 6",רהט,לקיה,,,10/14/2025 11:17pm,23
24-ספרים - 20-23/08/2025-ערערה בנגב,23/08/2025 3:00,1,ספרים - 20,ערערה בנגב,ערערה בנגב,,,10/18/2025 9:06pm,24
25-שקית בגדים - 6-23/08/2025-כסיפה,23/08/2025 3:00,1,שקית בגדים - 6,ערערה בנגב,כסיפה,,,10/18/2025 9:07pm,25
"26-שקית בגדים - 8-23/08/2025-כסיפה, חברון",23/08/2025 3:00,2,שקית בגדים - 8,ערערה בנגב,"כסיפה,חברון",,חברון,10/18/2025 9:08pm,26
"27-תיק בית ספר - 8, קרטון כלי מטבח - 3, סט מצעים וכריות - 24-23/08/2025-ערערה בנגב, כסיפה, נווה מדבר, חברון",23/08/2025 3:00,4,"תיק בית ספר - 8,קרטון כלי מטבח - 3,סט מצעים וכריות - 24",ערערה בנגב,"ערערה בנגב,כסיפה,נווה מדבר,חברון",,חברון,10/18/2025 9:11pm,27
"28-שקית בגדים - 4, שקית נעלים - 3-23/08/2025-כסיפה",23/08/2025 3:00,2,"שקית בגדים - 4,שקית נעלים - 3",ערערה בנגב,כסיפה,,,10/18/2025 9:13pm,28
"29-מיטת תינוק - 1, כיסא בטיחות לרכב - 1, שקית בגדים - 3-23/08/2025-לקיה",23/08/2025 3:00,1,"מיטת תינוק - 1,כיסא בטיחות לרכב - 1,שקית בגדים - 3",רהט,לקיה,,,10/18/2025 9:16pm,29
30-סט מצעים וכריות - 24-23/08/2025-חורה,23/08/2025 3:00,1,סט מצעים וכריות - 24,חורה,חורה,,,10/18/2025 9:17pm,30
"31-שקית בגדים - 12-23/08/2025-נווה מדבר, חברון",23/08/2025 3:00,2,שקית בגדים - 12,ערערה בנגב,"נווה מדבר,חברון",,חברון,10/18/2025 9:19pm,31
"32-תיק בית ספר - 7, ספרים - 23-23/08/2025-ערערה בנגב, נווה מדבר",23/08/2025 3:00,2,"תיק בית ספר - 7,ספרים - 23",ערערה בנגב,"ערערה בנגב,נווה מדבר",,,10/18/2025 9:20pm,32
33-עגלה לתינוק - 1-23/08/2025-חורה,23/08/2025 3:00,1,עגלה לתינוק - 1,ערערה בנגב,חורה,,,10/18/2025 9:22pm,33
"34-שקית בגדים - 9-24/08/2025-כסיפה, חורה",24/08/2025 3:00,2,שקית בגדים - 9,ערערה בנגב,"כסיפה,חורה",,,10/18/2025 9:23pm,34
"35-ספרים - 26, """"""שקית ציוד לבית הספר (מחברות, עטים, מחקים ועוד)"""" - 3""-23/08/2025-ערערה בנגב",23/08/2025 3:00,2,"ספרים - 26,""""""שקית ציוד לבית הספר (מחברות, עטים, מחקים ועוד)"""" - 3""",ערערה בנגב,ערערה בנגב,,,10/18/2025 9:26pm,35
36-ספרים - 18-24/08/2025-ערערה בנגב,24/08/2025 3:00,1,ספרים - 18,ערערה בנגב,ערערה בנגב,,,10/18/2025 9:28pm,36
"37-תיק בית ספר - 12-24/08/2025-ערערה בנגב, כסיפה",24/08/2025 3:00,3,תיק בית ספר - 12,ערערה בנגב,"ערערה בנגב,כסיפה",,,10/18/2025 9:30pm,37
"38-תיק בית ספר - 4, מיטת תינוק - 1-24/08/2025-ערערה בנגב",24/08/2025 3:00,1,"תיק בית ספר - 4,מיטת תינוק - 1",ערערה בנגב,ערערה בנגב,,,10/18/2025 9:32pm,38
39-עגלה לתינוק - 1-24/08/2025-כסיפה,24/08/2025 3:00,1,עגלה לתינוק - 1,ערערה בנגב,כסיפה,,,10/18/2025 9:33pm,39
"40-סט ספות - 2, שולחן - 1-24/08/2025-כסיפה, נווה מדבר",24/08/2025 3:00,2,"סט ספות - 2,שולחן - 1",ערערה בנגב,"כסיפה,נווה מדבר",,,10/18/2025 9:37pm,40
41-מיטת תינוק - 1-24/08/2025-נווה מדבר,24/08/2025 3:00,1,מיטת תינוק - 1,ערערה בנגב,נווה מדבר,,,10/18/2025 9:38pm,41
42-שקית בגדים - 6-24/08/2025-רהט,24/08/2025 3:00,1,שקית בגדים - 6,רהט,רהט,,,10/18/2025 9:38pm,42
"43-מזרן - 1, מכונת כביסה - 1-24/08/2025-כסיפה, נווה מדבר",24/08/2025 3:00,2,"מזרן - 1,מכונת כביסה - 1",ערערה בנגב,"כסיפה,נווה מדבר",,,10/18/2025 9:41pm,43
"44-ספרים - 12, תיק בית ספר - 2-25/08/2025-ערערה בנגב",25/08/2025 3:00,1,"ספרים - 12,תיק בית ספר - 2",ערערה בנגב,ערערה בנגב,,,10/18/2025 9:43pm,44
45-תיק בית ספר - 6-25/08/2025-כסיפה,25/08/2025 3:00,2,תיק בית ספר - 6,ערערה בנגב,כסיפה,,,10/18/2025 9:44pm,45
"46-ספרים - 50, תיק בית ספר - 9-25/08/2025-נווה מדבר",25/08/2025 3:00,5,"ספרים - 50,תיק בית ספר - 9",ערערה בנגב,נווה מדבר,,,10/18/2025 9:45pm,46
"47-נדנדה לתינוק - 1, כיסא לתינוק - 1, הליכון לתינוק - 1-18/10/2025-כסיפה, נווה מדבר",18/10/2025 3:00,2,"נדנדה לתינוק - 1,כיסא לתינוק - 1,הליכון לתינוק - 1",ערערה בנגב,"כסיפה,נווה מדבר",,,10/18/2025 9:48pm,47
48-ספרים - 20-26/08/2025-ערערה בנגב,26/08/2025 3:00,1,ספרים - 20,ערערה בנגב,ערערה בנגב,,,10/18/2025 9:50pm,48
"49-תיק בית ספר - 10, קלמר - 7-26/08/2025-כסיפה, נווה מדבר, חברון",26/08/2025 3:00,3,"תיק בית ספר - 10,קלמר - 7",ערערה בנגב,"כסיפה,נווה מדבר,חברון",,חברון,10/18/2025 9:52pm,49
"50-ספרים - 30, תיק בית ספר - 2-26/08/2025-ערערה בנגב",26/08/2025 3:00,1,"ספרים - 30,תיק בית ספר - 2",ערערה בנגב,ערערה בנגב,,,10/18/2025 9:54pm,50
"51-""""""שקית ציוד לבית הספר (מחברות, עטים, מחקים ועוד)"""" - 2""-26/08/2025-כסיפה, נווה מדבר",26/08/2025 3:00,2,"""""""שקית ציוד לבית הספר (מחברות, עטים, מחקים ועוד)"""" - 2""",ערערה בנגב,"כסיפה,נווה מדבר",,,10/18/2025 9:56pm,51
52-מטרנה לתינוק - 5-26/08/2025-רהט,26/08/2025 3:00,2,מטרנה לתינוק - 5,רהט,רהט,,,10/18/2025 10:00pm,52
53-שקית בגדים - 3-26/08/2025-כסיפה,26/08/2025 3:00,1,שקית בגדים - 3,ערערה בנגב,כסיפה,,,10/18/2025 10:01pm,53
"54-שקית בגדים - 12-27/08/2025-נווה מדבר, כסיפה",27/08/2025 3:00,4,שקית בגדים - 12,ערערה בנגב,"נווה מדבר,כסיפה",,,10/18/2025 10:03pm,54
"55-שקית בגדים - 12-28/08/2025-כסיפה, חברון",28/08/2025 3:00,3,שקית בגדים - 12,ערערה בנגב,"כסיפה,חברון",,חברון,10/18/2025 10:05pm,55
56-מיטה - 1-18/10/2025-כסיפה,18/10/2025 3:00,1,מיטה - 1,ערד,כסיפה,ערד,,10/18/2025 10:05pm,56
57-שקית בגדים - 7-28/08/2025-רהט,28/08/2025 3:00,1,שקית בגדים - 7,רהט,רהט,,,10/18/2025 10:07pm,57
"58-סט מצעים וכריות - 2-18/10/2025-חורה, אל קסום",18/10/2025 3:00,2,סט מצעים וכריות - 2,חורה,"חורה,אל קסום",,,10/18/2025 10:09pm,58
"59-שקית בגדים - 8-28/08/2025-ערערה בנגב, נווה מדבר",28/08/2025 3:00,2,שקית בגדים - 8,ערערה בנגב,"ערערה בנגב,נווה מדבר",,,10/18/2025 10:10pm,59
"60-שקית בגדים - 6, שטיחים לבית - 7-29/08/2025-כסיפה",29/08/2025 3:00,2,"שקית בגדים - 6,שטיחים לבית - 7",כסיפה,כסיפה,,,10/18/2025 10:13pm,60
61-ספרים - 20-29/08/2025-ערערה בנגב,29/08/2025 3:00,1,ספרים - 20,ערערה בנגב,ערערה בנגב,,,10/18/2025 10:14pm,61
62-קרטון כלי מטבח - 4-29/08/2025-כסיפה,29/08/2025 3:00,1,קרטון כלי מטבח - 4,ערערה בנגב,כסיפה,,,10/18/2025 10:16pm,62
"63-תיק בית ספר - 8, קלמר - 4-29/08/2025-ערערה בנגב, כסיפה",29/08/2025 3:00,2,"תיק בית ספר - 8,קלמר - 4",ערערה בנגב,"ערערה בנגב,כסיפה",,,10/18/2025 10:18pm,63
"64-תיק בית ספר - 8-30/08/2025-ערערה בנגב, נווה מדבר",30/08/2025 3:00,2,תיק בית ספר - 8,ערערה בנגב,"ערערה בנגב,נווה מדבר",,,10/24/2025 10:51pm,64
"65-מיטה - 1, דלת - 1-30/08/2025-רהט",30/08/2025 3:00,2,"מיטה - 1,דלת - 1",רהט,רהט,,,10/24/2025 10:53pm,65
66-ספרים - 14-30/08/2025-ערערה בנגב,30/08/2025 3:00,1,ספרים - 14,ערערה בנגב,ערערה בנגב,,,10/24/2025 10:54pm,66
"67-קרטון כלי מטבח - 3-30/08/2025-נווה מדבר, כסיפה",30/08/2025 3:00,2,קרטון כלי מטבח - 3,ערערה בנגב,"נווה מדבר,כסיפה",,,10/24/2025 10:55pm,67
68-ספרים - 11-30/08/2025-ערערה בנגב,30/08/2025 3:00,1,ספרים - 11,ערערה בנגב,ערערה בנגב,,,10/24/2025 10:56pm,68
69-קרטון כלי מטבח - 4-30/08/2025-כסיפה,30/08/2025 3:00,2,קרטון כלי מטבח - 4,ערערה בנגב,כסיפה,,,10/24/2025 10:58pm,69
70-שקית בגדים - 6-30/08/2025-נווה מדבר,30/08/2025 3:00,2,שקית בגדים - 6,ערערה בנגב,נווה מדבר,,,10/24/2025 10:59pm,70
71-תיק בית ספר - 12-30/08/2025-ערערה בנגב,30/08/2025 3:00,1,תיק בית ספר - 12,ערערה בנגב,ערערה בנגב,,,10/24/2025 11:00pm,71
72-שקית בגדים - 4-30/08/2025-ערערה בנגב,30/08/2025 3:00,1,שקית בגדים - 4,ערערה בנגב,ערערה בנגב,,,10/24/2025 11:01pm,72
"73-""""""שקית ציוד לבית הספר (מחברות, עטים, מחקים ועוד)"""" - 3""-30/08/2025-ערערה בנגב, כסיפה",30/08/2025 3:00,3,"""""""שקית ציוד לבית הספר (מחברות, עטים, מחקים ועוד)"""" - 3""",ערערה בנגב,"ערערה בנגב,כסיפה",,,10/24/2025 11:02pm,73
"74-שקית בגדים - 6-30/08/2025-כסיפה, חורה",30/08/2025 3:00,3,שקית בגדים - 6,ערערה בנגב,"כסיפה,חורה",,,10/24/2025 11:03pm,74
"75-שקית נעלים - 3-30/08/2025-כסיפה, נווה מדבר, חברון",30/08/2025 3:00,3,שקית נעלים - 3,ערערה בנגב,"כסיפה,נווה מדבר,חברון",,חברון,10/24/2025 11:04pm,75
76-סט מצעים וכריות - 12-30/08/2025-ערערה בנגב,30/08/2025 3:00,1,סט מצעים וכריות - 12,ערערה בנגב,ערערה בנגב,,,10/24/2025 11:05pm,76
77-שקית נעלים - 2-30/08/2025-כסיפה,30/08/2025 3:00,1,שקית נעלים - 2,ערערה בנגב,כסיפה,,,10/24/2025 11:06pm,77
78-ספרים - 12-30/08/2025-ערערה בנגב,30/08/2025 3:00,1,ספרים - 12,ערערה בנגב,ערערה בנגב,,,10/24/2025 11:07pm,78
"79-""""""שקית ציוד לבית הספר (מחברות, עטים, מחקים ועוד)"""" - 4""-30/08/2025-כסיפה, ערערה בנגב",30/08/2025 3:00,2,"""""""שקית ציוד לבית הספר (מחברות, עטים, מחקים ועוד)"""" - 4""",ערערה בנגב,"כסיפה,ערערה בנגב",,,10/24/2025 11:08pm,79
80-ספרים - 10-30/08/2025-ערערה בנגב,30/08/2025 3:00,1,ספרים - 10,ערערה בנגב,ערערה בנגב,,,10/24/2025 11:10pm,80
81-ספרים - 30-30/08/2025-ערערה בנגב,30/08/2025 3:00,2,ספרים - 30,ערערה בנגב,ערערה בנגב,,,10/24/2025 11:10pm,81
"82-""""""שקית ציוד לבית הספר (מחברות, עטים, מחקים ועוד)"""" - 3""-31/08/2025-ערערה בנגב, כסיפה",31/08/2025 3:00,3,"""""""שקית ציוד לבית הספר (מחברות, עטים, מחקים ועוד)"""" - 3""",ערערה בנגב,"ערערה בנגב,כסיפה",,,10/24/2025 11:11pm,82
"83-""""""שקית ציוד לבית הספר (מחברות, עטים, מחקים ועוד)"""" - 5""-31/08/2025-ערערה בנגב, כסיפה, נווה מדבר",31/08/2025 3:00,3,"""""""שקית ציוד לבית הספר (מחברות, עטים, מחקים ועוד)"""" - 5""",ערערה בנגב,"ערערה בנגב,כסיפה,נווה מדבר",,,10/24/2025 11:12pm,83
"84-שקית בגדים - 8-31/08/2025-נווה מדבר, חברון",31/08/2025 3:00,2,שקית בגדים - 8,ערערה בנגב,"נווה מדבר,חברון",,חברון,10/24/2025 11:13pm,84
85-ספרים - 6-31/08/2025-ערערה בנגב,31/08/2025 3:00,1,ספרים - 6,ערערה בנגב,ערערה בנגב,,,10/24/2025 11:15pm,85
"86-תיק בית ספר - 9, ספרים - 14-31/08/2025-ערערה בנגב",31/08/2025 3:00,3,"תיק בית ספר - 9,ספרים - 14",ערערה בנגב,ערערה בנגב,,,10/24/2025 11:16pm,86
87-ספרים - 11-31/08/2025-ערערה בנגב,31/08/2025 3:00,1,ספרים - 11,ערערה בנגב,ערערה בנגב,,,10/24/2025 11:17pm,87
88-תיק בית ספר - 1-31/08/2025-רהט,31/08/2025 3:00,1,תיק בית ספר - 1,רהט,רהט,,,10/24/2025 11:18pm,88
"89-שקית בגדים - 6-01/09/2025-נווה מדבר, חברון",01/09/2025 3:00,2,שקית בגדים - 6,ערערה בנגב,"נווה מדבר,חברון",,חברון,10/24/2025 11:23pm,89
"90-שטיחים לבית - 9, ארון - 1, וילון חלון - 6-01/09/2025-כסיפה, נווה מדבר, חורה",01/09/2025 3:00,3,"שטיחים לבית - 9,ארון - 1,וילון חלון - 6",ערערה בנגב,"כסיפה,נווה מדבר,חורה",,,10/24/2025 11:29pm,90
"91-שקית בגדים - 7-01/09/2025-כסיפה, חברון",01/09/2025 3:00,2,שקית בגדים - 7,ערערה בנגב,"כסיפה,חברון",,חברון,10/24/2025 11:36pm,91
"92-שקית בגדים - 4, חיתולי תינוק - 4, נברשת - 2-01/09/2025-לקיה, רהט",01/09/2025 3:00,3,"שקית בגדים - 4,חיתולי תינוק - 4,נברשת - 2",רהט,"לקיה,רהט",,,10/24/2025 11:47pm,92
"93-כיסא לתינוק - 1, מיטת תינוק - 1, שקית נעלים - 3-01/09/2025-כסיפה, חורה",01/09/2025 3:00,2,"כיסא לתינוק - 1,מיטת תינוק - 1,שקית נעלים - 3",ערערה בנגב,"כסיפה,חורה",,,10/24/2025 11:50pm,93
"94-שקית בגדים - 12, ספרים - 48-01/09/2025-ערערה בנגב, נווה מדבר",01/09/2025 3:00,4,"שקית בגדים - 12,ספרים - 48",ערערה בנגב,"ערערה בנגב,נווה מדבר",,,10/24/2025 11:52pm,94
95-שקית בגדים - 3-01/09/2025-חברון,01/09/2025 3:00,1,שקית בגדים - 3,ערערה בנגב,חברון,,חברון,10/24/2025 11:54pm,95
96-שקית בגדים - 4-01/09/2025-חורה,01/09/2025 3:00,1,שקית בגדים - 4,ערערה בנגב,חורה,,,10/24/2025 11:55pm,96
"97-עגלה לתינוק - 1, מיטת תינוק - 1, קרטון כלי מטבח - 1, חיתולי תינוק - 3-25/10/2025-כסיפה, אל קסום, חברון",25/10/2025 3:00,3,"עגלה לתינוק - 1,מיטת תינוק - 1,קרטון כלי מטבח - 1,חיתולי תינוק - 3",ערערה בנגב,"כסיפה,אל קסום,חברון",,חברון,10/25/2025 12:04am,97
98-שקית בגדים - 3-02/09/2025-חברון,02/09/2025 3:00,1,שקית בגדים - 3,ערערה בנגב,חברון,,חברון,10/25/2025 12:07am,98
"99-מנות אוכל - 16-02/09/2025-ערערה בנגב, נווה מדבר",02/09/2025 3:00,16,מנות אוכל - 16,ערערה בנגב,"ערערה בנגב,נווה מדבר",,,10/25/2025 12:08am,99
"100-שקית בגדים - 5-02/09/2025-תל שבע, חברון",02/09/2025 3:00,2,שקית בגדים - 5,ערערה בנגב,"תל שבע,חברון",,חברון,10/25/2025 12:09am,100
101-נדנדה לתינוק - 2-02/09/2025-נווה מדבר,02/09/2025 3:00,2,נדנדה לתינוק - 2,נווה מדבר,נווה מדבר,,,10/25/2025 12:10am,101
"102-שקית בגדים - 9-03/09/2025-כסיפה, נווה מדבר, חברון",03/09/2025 3:00,3,שקית בגדים - 9,ערערה בנגב,"כסיפה,נווה מדבר,חברון",,חברון,10/25/2025 12:12am,102
"103-נדנדה לתינוק - 1, מכונת כביסה - 1-04/09/2025-כסיפה, נווה מדבר",04/09/2025 3:00,2,"נדנדה לתינוק - 1,מכונת כביסה - 1",ערערה בנגב,"כסיפה,נווה מדבר",,,10/25/2025 12:46am,103
"104-שקית בגדים - 6, שקית נעלים - 3-04/09/2025-כסיפה, חברון",04/09/2025 3:00,2,"שקית בגדים - 6,שקית נעלים - 3",ערערה בנגב,"כסיפה,חברון",,חברון,10/25/2025 12:49am,104
"105-ספרים - 100-04/09/2025-ערערה בנגב, כסיפה",04/09/2025 3:00,6,ספרים - 100,ערערה בנגב,"ערערה בנגב,כסיפה",,,10/25/2025 12:51am,105
"106-תנור - 1, סיר טיגון - 1-05/09/2025-כסיפה",05/09/2025 3:00,1,"תנור - 1,סיר טיגון - 1",כסיפה,כסיפה,,,10/25/2025 12:54am,106
107-שקית בגדים - 6-05/09/2025-חברון,05/09/2025 3:00,1,שקית בגדים - 6,כסיפה,חברון,,חברון,10/25/2025 12:56am,107
"108-קרטון כלי מטבח - 4-05/09/2025-כסיפה, נווה מדבר",05/09/2025 3:00,2,קרטון כלי מטבח - 4,ערערה בנגב,"כסיפה,נווה מדבר",,,10/25/2025 12:58am,108
"109-שקית בגדים - 1, קרטון כלי מטבח - 1, שמיכה - 1-05/09/2025-כסיפה",05/09/2025 3:00,1,"שקית בגדים - 1,קרטון כלי מטבח - 1,שמיכה - 1",ערערה בנגב,כסיפה,,,10/25/2025 1:00am,109
"110-שטיחים לבית - 12-06/09/2025-כסיפה, חברון",06/09/2025 3:00,2,שטיחים לבית - 12,ערערה בנגב,"כסיפה,חברון",,חברון,10/25/2025 1:01am,110
111-שקית ציוד לתינוק - 1-25/10/2025-נווה מדבר,25/10/2025 3:00,1,שקית ציוד לתינוק - 1,ערערה בנגב,נווה מדבר,,,10/25/2025 1:03am,111
"112-שקית בגדים - 6, שקית נעלים - 2-06/09/2025-כסיפה, חברון",06/09/2025 3:00,2,"שקית בגדים - 6,שקית נעלים - 2",ערערה בנגב,"כסיפה,חברון",,חברון,10/25/2025 1:05am,112
"113-שקית בגדים - 8-06/09/2025-ערערה בנגב, כסיפה",06/09/2025 3:00,2,שקית בגדים - 8,ערערה בנגב,"ערערה בנגב,כסיפה",,,10/25/2025 1:06am,113
114-קרטון כלי מטבח - 3-06/09/2025-נווה מדבר,06/09/2025 3:00,1,קרטון כלי מטבח - 3,ערערה בנגב,נווה מדבר,,,10/25/2025 1:07am,114
"115-שקית בגדים - 14-06/09/2025-כסיפה, נווה מדבר, חברון",06/09/2025 3:00,3,שקית בגדים - 14,ערערה בנגב,"כסיפה,נווה מדבר,חברון",,חברון,10/25/2025 1:13am,115
"116-שקית בגדים - 8, שקית נעלים - 3-07/09/2025-ערערה בנגב, כסיפה",07/09/2025 3:00,2,"שקית בגדים - 8,שקית נעלים - 3",ערערה בנגב,"ערערה בנגב,כסיפה",,,10/25/2025 1:16am,116
"117-שקית בגדים - 7-07/09/2025-נווה מדבר, חברון",07/09/2025 3:00,2,שקית בגדים - 7,ערערה בנגב,"נווה מדבר,חברון",,חברון,10/25/2025 1:21am,117
"118-חיתולי תינוק - 9-07/09/2025-נווה מדבר, אל קסום, חברון",07/09/2025 3:00,4,חיתולי תינוק - 9,ערערה בנגב,"נווה מדבר,אל קסום,חברון",,חברון,10/25/2025 1:23am,118
"119-סט ספות - 16, שמיכה - 3, קרטון כלי מטבח - 2-07/09/2025-כסיפה, חברון",07/09/2025 3:00,2,"סט ספות - 16,שמיכה - 3,קרטון כלי מטבח - 2",ערערה בנגב,"כסיפה,חברון",,חברון,10/25/2025 1:25am,119
120-דלת - 3-07/09/2025-כסיפה,07/09/2025 3:00,1,דלת - 3,ערערה בנגב,כסיפה,,,10/25/2025 1:26am,120
"121-שקית בגדים - 12-07/09/2025-כסיפה, חורה, חברון",07/09/2025 3:00,4,שקית בגדים - 12,ערערה בנגב,"כסיפה,חורה,חברון",,חברון,10/25/2025 1:27am,121
122-ספרים - 12-08/09/2025-כסיפה,08/09/2025 3:00,1,ספרים - 12,כסיפה,כסיפה,,,10/25/2025 10:56am,122
"123-מיטת תינוק - 1, מכונת כביסה - 1-08/09/2025-שגב שלום, נווה מדבר",08/09/2025 3:00,2,"מיטת תינוק - 1,מכונת כביסה - 1",ערערה בנגב,"שגב שלום,נווה מדבר",,,10/25/2025 10:57am,123
124-שקית בגדים - 6-09/09/2025-כסיפה,09/09/2025 3:00,1,שקית בגדים - 6,ערערה בנגב,כסיפה,,,10/25/2025 10:58am,124
"125-שקית נעלים - 20-09/09/2025-כסיפה, נווה מדבר, חברון",09/09/2025 3:00,5,שקית נעלים - 20,ערערה בנגב,"כסיפה,נווה מדבר,חברון",,חברון,10/25/2025 11:00am,125
126-שקית בגדים - 6-10/09/2025-חברון,10/09/2025 3:00,1,שקית בגדים - 6,ערערה בנגב,חברון,,חברון,10/25/2025 11:01am,126
"127-ספרים - 26, """"""שקית ציוד לבית הספר (מחברות, עטים, מחקים ועוד)"""" - 4"", שקית בגדים - 6-10/09/2025-כסיפה, חורה, נווה מדבר",10/09/2025 3:00,3,"ספרים - 26,""""""שקית ציוד לבית הספר (מחברות, עטים, מחקים ועוד)"""" - 4"",שקית בגדים - 6",ערערה בנגב,"כסיפה,חורה,נווה מדבר",,,10/25/2025 11:02am,127
128-שקית בגדים - 5-10/09/2025-חברון,10/09/2025 3:00,1,שקית בגדים - 5,ערערה בנגב,חברון,,חברון,10/25/2025 11:03am,128
"129-שקית בגדים - 9-10/09/2025-כסיפה, חברון",10/09/2025 3:00,2,שקית בגדים - 9,ערערה בנגב,"כסיפה,חברון",,חברון,10/25/2025 11:04am,129
"130-שקית נעלים - 6-10/09/2025-כסיפה, חורה",10/09/2025 3:00,2,שקית נעלים - 6,ערערה בנגב,"כסיפה,חורה",,,10/25/2025 11:06am,130
131-ספרים - 12-11/09/2025-כסיפה,11/09/2025 3:00,1,ספרים - 12,כסיפה,כסיפה,,,10/25/2025 11:06am,131
132-מזרן - 1-11/09/2025-נווה מדבר,11/09/2025 3:00,1,מזרן - 1,ערערה בנגב,נווה מדבר,,,10/25/2025 11:07am,132
"133-שקית בגדים - 6, שקית ציוד לתינוק - 2, שטיחים לבית - 12-11/09/2025-כסיפה, חורה, חברון",11/09/2025 3:00,3,"שקית בגדים - 6,שקית ציוד לתינוק - 2,שטיחים לבית - 12",חורה,"כסיפה,חורה,חברון",,חברון,10/25/2025 11:10am,133
"134-שקית צמר לסריגה - 14-12/09/2025-כסיפה, חורה",12/09/2025 3:00,2,שקית צמר לסריגה - 14,כסיפה,"כסיפה,חורה",,,10/25/2025 11:14am,134
"135-שקית בגדים - 8-12/09/2025-כסיפה, חברון",12/09/2025 3:00,2,שקית בגדים - 8,ערערה בנגב,"כסיפה,חברון",,חברון,10/25/2025 11:15am,135
136-שקית נעלים - 6-12/09/2025-חברון,12/09/2025 3:00,1,שקית נעלים - 6,ערערה בנגב,חברון,,חברון,10/25/2025 11:15am,136
"137-שקית בגדים - 4, שקית ציוד לתינוק - 4-12/09/2025-נווה מדבר, ערערה בנגב",12/09/2025 3:00,2,"שקית בגדים - 4,שקית ציוד לתינוק - 4",ערערה בנגב,"נווה מדבר,ערערה בנגב",,,10/25/2025 11:17am,137
"138-שקית בגדים - 8-12/09/2025-ערערה בנגב, חברון",12/09/2025 3:00,2,שקית בגדים - 8,ערערה בנגב,"ערערה בנגב,חברון",,חברון,10/25/2025 11:18am,138
"139-משחקים לילדים  - 3, שקית בגדים - 7, """"""שקית ציוד לבית הספר (מחברות, עטים, מחקים ועוד)"""" - 2""-12/09/2025-חורה, נווה מדבר",12/09/2025 3:00,2,"משחקים לילדים  - 3,שקית בגדים - 7,""""""שקית ציוד לבית הספר (מחברות, עטים, מחקים ועוד)"""" - 2""",ערערה בנגב,"חורה,נווה מדבר",,,10/25/2025 11:19am,139
"140-משחקים לילדים  - 2, שקית בגדים - 6-12/09/2025-נווה מדבר",12/09/2025 3:00,1,"משחקים לילדים  - 2,שקית בגדים - 6",ערערה בנגב,נווה מדבר,,,10/25/2025 11:21am,140
"141-שקית בגדים - 6, שקית נעלים - 3, תיק בית ספר - 6-13/09/2025-חורה, נווה מדבר",13/09/2025 3:00,2,"שקית בגדים - 6,שקית נעלים - 3,תיק בית ספר - 6",ערערה בנגב,"חורה,נווה מדבר",,,10/25/2025 11:22am,141
"142-""""""שקית ציוד לבית הספר (מחברות, עטים, מחקים ועוד)"""" - 4"", תיק בית ספר - 6-13/09/2025-ערערה בנגב, כסיפה",13/09/2025 3:00,2,"""""""שקית ציוד לבית הספר (מחברות, עטים, מחקים ועוד)"""" - 4"",תיק בית ספר - 6",ערערה בנגב,"ערערה בנגב,כסיפה",,,10/25/2025 11:25am,142
143-שקית בגדים - 6-13/09/2025-כסיפה,13/09/2025 3:00,1,שקית בגדים - 6,ערערה בנגב,כסיפה,,,10/25/2025 11:26am,143
144-סט מצעים וכריות - 14-14/09/2025-שגב שלום,14/09/2025 3:00,1,סט מצעים וכריות - 14,ערערה בנגב,שגב שלום,,,10/25/2025 11:30am,144
"145-שקית נעלים - 4, ספרים - 12, """"""שקית ציוד לבית הספר (מחברות, עטים, מחקים ועוד)"""" - 4""-14/09/2025-ערערה בנגב, כסיפה",14/09/2025 3:00,2,"שקית נעלים - 4,ספרים - 12,""""""שקית ציוד לבית הספר (מחברות, עטים, מחקים ועוד)"""" - 4""",ערערה בנגב,"ערערה בנגב,כסיפה",,,10/25/2025 11:32am,145
146-שקית נעלים - 3-15/09/2025-כסיפה,15/09/2025 3:00,1,שקית נעלים - 3,ערערה בנגב,כסיפה,,,10/25/2025 11:33am,146
147-שקית נעלים - 2-15/09/2025-כסיפה,15/09/2025 3:00,1,שקית נעלים - 2,כסיפה,כסיפה,,,10/25/2025 11:34am,147
"148-כיריים גז - 1, שמיכה - 7-15/09/2025-כסיפה, אל קסום",15/09/2025 3:00,2,"כיריים גז - 1,שמיכה - 7",ערערה בנגב,"כסיפה,אל קסום",,,10/25/2025 11:36am,148
"149-תיק בית ספר - 8-15/09/2025-נווה מדבר, חברון",15/09/2025 3:00,2,תיק בית ספר - 8,ערערה בנגב,"נווה מדבר,חברון",,חברון,10/25/2025 11:37am,149
150-שקית בגדים - 4-15/09/2025-כסיפה,15/09/2025 3:00,1,שקית בגדים - 4,ערערה בנגב,כסיפה,,,10/25/2025 11:38am,150
"151-תיק בית ספר - 5, """"""שקית ציוד לבית הספר (מחברות, עטים, מחקים ועוד)"""" - 4""-15/09/2025-כסיפה, נווה מדבר",15/09/2025 3:00,2,"תיק בית ספר - 5,""""""שקית ציוד לבית הספר (מחברות, עטים, מחקים ועוד)"""" - 4""",ערערה בנגב,"כסיפה,נווה מדבר",,,10/25/2025 11:40am,151
152-מטבח שלם - 1-16/09/2025-כסיפה,16/09/2025 3:00,1,מטבח שלם - 1,ערערה בנגב,כסיפה,,,10/27/2025 11:22am,152
"153-מוצרי מזון - 3, קרטון כלי מטבח - 3-16/09/2025-נווה מדבר",16/09/2025 3:00,1,"מוצרי מזון - 3,קרטון כלי מטבח - 3",ערערה בנגב,נווה מדבר,,,10/27/2025 11:25am,153
"154-שקית נעלים - 5, שקית בגדים - 4, קרטון כלי מטבח - 3-16/09/2025-כסיפה, חברון",16/09/2025 3:00,2,"שקית נעלים - 5,שקית בגדים - 4,קרטון כלי מטבח - 3",ערערה בנגב,"כסיפה,חברון",,חברון,10/27/2025 11:29am,154
155-שקית תכשיטים שונים - 4-16/09/2025-כסיפה,16/09/2025 3:00,1,שקית תכשיטים שונים - 4,ערערה בנגב,כסיפה,,,10/27/2025 11:31am,155
156-שקית בגדים - 3-16/09/2025-חברון,16/09/2025 3:00,1,שקית בגדים - 3,ערערה בנגב,חברון,,חברון,10/27/2025 11:34am,156
157-שקית בגדים - 4-16/09/2025-נווה מדבר,16/09/2025 3:00,1,שקית בגדים - 4,ערערה בנגב,נווה מדבר,,,10/27/2025 11:36am,157
"158-שקית בגדים - 5, """"""שקית ציוד לבית הספר (מחברות, עטים, מחקים ועוד)"""" - 2""-17/09/2025-חורה",17/09/2025 3:00,1,"שקית בגדים - 5,""""""שקית ציוד לבית הספר (מחברות, עטים, מחקים ועוד)"""" - 2""",ערערה בנגב,חורה,,,10/27/2025 11:38am,158
"159-דלת - 6-17/09/2025-כסיפה, נווה מדבר",17/09/2025 3:00,4,דלת - 6,ערערה בנגב,"כסיפה,נווה מדבר",,,10/27/2025 11:40am,159
"160-ציוד רפואי - 2, שקית בגדים - 9, ציוד ניקוי - 3, מתלה בגדים - 1-17/09/2025-חורה, נווה מדבר, כסיפה, חברון",17/09/2025 3:00,4,"ציוד רפואי - 2,שקית בגדים - 9,ציוד ניקוי - 3,מתלה בגדים - 1",ערערה בנגב,"חורה,נווה מדבר,כסיפה,חברון",,חברון,10/27/2025 11:51am,160
161-מזרן - 1-27/10/2025-כסיפה,27/10/2025 2:00,1,מזרן - 1,ערערה בנגב,כסיפה,,,10/27/2025 11:52am,161
162-שקית נעלים - 2-17/09/2025-נווה מדבר,17/09/2025 3:00,1,שקית נעלים - 2,ערערה בנגב,נווה מדבר,,,10/27/2025 11:53am,162
163-שקית בגדים - 5-17/09/2025-ערערה בנגב,17/09/2025 3:00,1,שקית בגדים - 5,ערערה בנגב,ערערה בנגב,,,10/27/2025 11:55am,163
164-מיטת תינוק - 1-18/09/2025-שגב שלום,18/09/2025 3:00,1,מיטת תינוק - 1,ערערה בנגב,שגב שלום,,,10/27/2025 12:03pm,164
"165-שטיחים לבית - 8-18/09/2025-חורה, אל קסום",18/09/2025 3:00,2,שטיחים לבית - 8,חורה,"חורה,אל קסום",,,10/27/2025 12:04pm,165
166-כיסא בטיחות לרכב - 2-18/09/2025-כסיפה,18/09/2025 3:00,1,כיסא בטיחות לרכב - 2,ערערה בנגב,כסיפה,,,10/27/2025 12:05pm,166
"167-""""""שקית ציוד לבית הספר (מחברות, עטים, מחקים ועוד)"""" - 6""-18/09/2025-אל קסום, לקיה",18/09/2025 3:00,3,"""""""שקית ציוד לבית הספר (מחברות, עטים, מחקים ועוד)"""" - 6""",רהט,"אל קסום,לקיה",,,10/27/2025 12:06pm,167
"168-שקית בגדים - 8-18/09/2025-כסיפה, חברון",18/09/2025 3:00,2,שקית בגדים - 8,ערערה בנגב,"כסיפה,חברון",,חברון,10/27/2025 12:07pm,168
169-דלת - 3-18/09/2025-נווה מדבר,18/09/2025 3:00,1,דלת - 3,ערערה בנגב,נווה מדבר,,,10/27/2025 12:08pm,169
"170-שקית בגדים - 4, מתלה בגדים - 1-18/09/2025-כסיפה",18/09/2025 3:00,1,"שקית בגדים - 4,מתלה בגדים - 1",ערערה בנגב,כסיפה,,,10/27/2025 12:08pm,170
"171-מוצרי מזון - 8-19/09/2025-כסיפה, אל קסום",19/09/2025 3:00,2,מוצרי מזון - 8,ערערה בנגב,"כסיפה,אל קסום",,,10/27/2025 12:10pm,171
"172-ציוד ניקוי - 5, שקית בגדים - 6-18/09/2025-כסיפה",18/09/2025 3:00,2,"ציוד ניקוי - 5,שקית בגדים - 6",חורה,כסיפה,,,10/27/2025 12:11pm,172
173-סט ספות - 1-19/09/2025-כסיפה,19/09/2025 3:00,1,סט ספות - 1,ערערה בנגב,כסיפה,,,10/27/2025 12:12pm,173
174-ארון - 1-19/09/2025-ערערה בנגב,19/09/2025 3:00,1,ארון - 1,חורה,ערערה בנגב,,,10/27/2025 12:13pm,174
175-מכונת כביסה - 1-19/09/2025-כסיפה,19/09/2025 3:00,1,מכונת כביסה - 1,כסיפה,כסיפה,,,10/27/2025 12:14pm,175
"176-נדנדה לתינוק - 1, שקית ציוד לתינוק - 1, מטרנה לתינוק - 3-19/09/2025-כסיפה",19/09/2025 3:00,1,"נדנדה לתינוק - 1,שקית ציוד לתינוק - 1,מטרנה לתינוק - 3",חורה,כסיפה,,,10/27/2025 12:15pm,176
"177-חיתולי תינוק - 4, מטרנה לתינוק - 2-20/09/2025-ערערה בנגב",20/09/2025 3:00,1,"חיתולי תינוק - 4,מטרנה לתינוק - 2",ערערה בנגב,ערערה בנגב,,,10/27/2025 12:29pm,177
"178-נברשת - 5-20/09/2025-חורה, אל קסום",20/09/2025 3:00,2,נברשת - 5,חורה,"חורה,אל קסום",,,10/27/2025 12:30pm,178
179-שקית בגדים - 5-20/09/2025-כסיפה,20/09/2025 3:00,1,שקית בגדים - 5,כסיפה,כסיפה,,,10/27/2025 12:31pm,179
"180-קרטון כלי מטבח - 4, שקית בגדים - 6, כיסא בטיחות לרכב - 2-20/09/2025-רהט",20/09/2025 3:00,2,"קרטון כלי מטבח - 4,שקית בגדים - 6,כיסא בטיחות לרכב - 2",רהט,רהט,,,10/27/2025 12:34pm,180
"181-שמיכה - 6, ארון - 1-20/09/2025-חורה",20/09/2025 3:00,1,"שמיכה - 6,ארון - 1",חורה,חורה,,,10/27/2025 12:36pm,181
"182-שקית בגדים - 12, שקית תכשיטים שונים - 4-21/09/2025-כסיפה, חברון",21/09/2025 3:00,2,"שקית בגדים - 12,שקית תכשיטים שונים - 4",ערערה בנגב,"כסיפה,חברון",,חברון,10/27/2025 12:38pm,182
183-מנות אוכל - 35-21/09/2025-ערערה בנגב,21/09/2025 3:00,35,מנות אוכל - 35,ערערה בנגב,ערערה בנגב,,,10/27/2025 12:43pm,183
"184-מיטת תינוק - 1, מטרנה לתינוק - 2-21/09/2025-ערערה בנגב",21/09/2025 3:00,1,"מיטת תינוק - 1,מטרנה לתינוק - 2",ערערה בנגב,ערערה בנגב,,,10/27/2025 12:45pm,184
185-שטיחים לבית - 4-21/09/2025-נווה מדבר,21/09/2025 3:00,1,שטיחים לבית - 4,ערערה בנגב,נווה מדבר,,,10/27/2025 12:47pm,185
"186-קרטון כלי מטבח - 6-27/10/2025-כסיפה, חברון",27/10/2025 2:00,2,קרטון כלי מטבח - 6,ערערה בנגב,"כסיפה,חברון",,חברון,10/27/2025 12:48pm,186
187-תנור - 1-21/09/2025-נווה מדבר,21/09/2025 3:00,1,תנור - 1,ערערה בנגב,נווה מדבר,,,10/27/2025 12:50pm,187
"188-משחקים לילדים  - 6-21/09/2025-ערערה בנגב, חברון",21/09/2025 3:00,3,משחקים לילדים  - 6,ערערה בנגב,"ערערה בנגב,חברון",,חברון,10/27/2025 12:51pm,188
"189-סדינים למיטה - 3, שטיחים לבית - 6, שקית ציוד לתינוק - 3-21/09/2025-ערערה בנגב, כסיפה, חברון",21/09/2025 3:00,3,"סדינים למיטה - 3,שטיחים לבית - 6,שקית ציוד לתינוק - 3",ערערה בנגב,"ערערה בנגב,כסיפה,חברון",,חברון,10/27/2025 12:58pm,189
"190-ארון - 1, קרטון כלי מטבח - 2, תיקים לנשים - 11-22/09/2025-אל קסום, חורה",22/09/2025 3:00,2,"ארון - 1,קרטון כלי מטבח - 2,תיקים לנשים - 11",חורה,"אל קסום,חורה",,,10/27/2025 1:02pm,190
191-בסיס מיטה - 3-22/09/2025-כסיפה,22/09/2025 3:00,1,בסיס מיטה - 3,ערערה בנגב,כסיפה,,,10/27/2025 1:03pm,191
"192-בסיס מיטה - 3, ארון - 1-22/09/2025-כסיפה, נווה מדבר",22/09/2025 3:00,2,"בסיס מיטה - 3,ארון - 1",ערערה בנגב,"כסיפה,נווה מדבר",,,10/27/2025 1:06pm,192
"193-שקית בגדים - 12-22/09/2025-כסיפה, חברון",22/09/2025 3:00,2,שקית בגדים - 12,ערערה בנגב,"כסיפה,חברון",,חברון,10/27/2025 1:12pm,193
"194-מיטת תינוק - 1, שקית בגדים - 9-22/09/2025-חורה",22/09/2025 3:00,1,"מיטת תינוק - 1,שקית בגדים - 9",ערערה בנגב,חורה,,,10/27/2025 1:18pm,194
195-סט ספות - 1-22/09/2025-נווה מדבר,22/09/2025 3:00,1,סט ספות - 1,ערערה בנגב,נווה מדבר,,,10/27/2025 1:20pm,195
196-כיריים גז - 1-22/09/2025-רהט,22/09/2025 3:00,1,כיריים גז - 1,רהט,רהט,,,10/27/2025 2:26pm,196
"197-אמבטיה לתינוק - 1, הליכון לתינוק - 1, שקית בגדים - 9-22/09/2025-כסיפה, נווה מדבר",22/09/2025 3:00,2,"אמבטיה לתינוק - 1,הליכון לתינוק - 1,שקית בגדים - 9",ערערה בנגב,"כסיפה,נווה מדבר",,,10/27/2025 2:28pm,197
198-שקית בגדים - 9-23/09/2025-חברון,23/09/2025 3:00,1,שקית בגדים - 9,ערערה בנגב,חברון,,חברון,10/27/2025 2:44pm,198
199-מכונת כביסה - 1-23/09/2025-נווה מדבר,23/09/2025 3:00,1,מכונת כביסה - 1,ערערה בנגב,נווה מדבר,,,10/27/2025 2:45pm,199
200-שקית תכשיטים שונים - 3-23/09/2025-ערערה בנגב,23/09/2025 3:00,1,שקית תכשיטים שונים - 3,ערערה בנגב,ערערה בנגב,,,10/27/2025 2:45pm,200
"201-הליכון לתינוק - 1, כיסא לתינוק - 1, עגלה לתינוק - 1-24/09/2025-כסיפה",24/09/2025 3:00,2,"הליכון לתינוק - 1,כיסא לתינוק - 1,עגלה לתינוק - 1",כסיפה,כסיפה,,,10/27/2025 2:48pm,201
202-קרטון כלי מטבח - 2-24/09/2025-ערערה בנגב,24/09/2025 3:00,1,קרטון כלי מטבח - 2,ערערה בנגב,ערערה בנגב,,,10/27/2025 2:49pm,202
"203-שקית בגדים - 8, שקית תכשיטים שונים - 2-24/09/2025-כסיפה",24/09/2025 3:00,1,"שקית בגדים - 8,שקית תכשיטים שונים - 2",ערערה בנגב,כסיפה,,,10/27/2025 2:52pm,203
"204-תיק בית ספר - 3, """"""שקית ציוד לבית הספר (מחברות, עטים, מחקים ועוד)"""" - 4""-24/09/2025-כסיפה, נווה מדבר",24/09/2025 3:00,3,"תיק בית ספר - 3,""""""שקית ציוד לבית הספר (מחברות, עטים, מחקים ועוד)"""" - 4""",ערערה בנגב,"כסיפה,נווה מדבר",,,10/27/2025 2:54pm,204
205-מכונת מייבש כביסה - 1-27/10/2025-נווה מדבר,27/10/2025 2:00,1,מכונת מייבש כביסה - 1,ערערה בנגב,נווה מדבר,,,10/27/2025 2:55pm,205
"206-שקית בגדים - 8-24/09/2025-כסיפה, חברון",24/09/2025 3:00,2,שקית בגדים - 8,ערערה בנגב,"כסיפה,חברון",,חברון,10/27/2025 3:01pm,206
"207-שקית נעלים - 5, שקית בגדים - 6-24/09/2025-חברון",24/09/2025 3:00,1,"שקית נעלים - 5,שקית בגדים - 6",ערערה בנגב,חברון,,חברון,10/27/2025 3:04pm,207
208-שקית בגדים - 4-24/09/2025-כסיפה,24/09/2025 3:00,1,שקית בגדים - 4,ערערה בנגב,כסיפה,,,10/27/2025 3:05pm,208
"209-שקית בגדים - 9-24/09/2025-כסיפה, חברון",24/09/2025 3:00,2,שקית בגדים - 9,ערערה בנגב,"כסיפה,חברון",,חברון,10/27/2025 3:07pm,209
210-שקית בגדים - 4-24/09/2025-נווה מדבר,24/09/2025 3:00,1,שקית בגדים - 4,ערערה בנגב,נווה מדבר,,,10/27/2025 3:08pm,210
"211-שקית בגדים - 12-25/09/2025-כסיפה, נווה מדבר",25/09/2025 3:00,2,שקית בגדים - 12,ערערה בנגב,"כסיפה,נווה מדבר",,,10/27/2025 3:15pm,211
212-שקית בגדים - 11-24/09/2025-אל קסום,24/09/2025 3:00,1,שקית בגדים - 11,ערערה בנגב,אל קסום,,,10/27/2025 3:22pm,212
213-שקית בגדים - 9-25/09/2025-חברון,25/09/2025 3:00,1,שקית בגדים - 9,ערערה בנגב,חברון,,חברון,10/27/2025 4:39pm,213
"214-שקית בגדים - 8, תיקים לנשים - 6, שמיכה - 5-25/09/2025-ערערה בנגב, נווה מדבר, חורה",25/09/2025 3:00,3,"שקית בגדים - 8,תיקים לנשים - 6,שמיכה - 5",ערערה בנגב,"ערערה בנגב,נווה מדבר,חורה",,,10/27/2025 4:41pm,214
215-מכונת כביסה - 1-25/09/2025-שגב שלום,25/09/2025 3:00,1,מכונת כביסה - 1,תל שבע,שגב שלום,,,10/27/2025 4:42pm,215
"216-קרטון כלי מטבח - 4, שקית בגדים - 6-25/09/2025-כסיפה, חברון",25/09/2025 3:00,2,"קרטון כלי מטבח - 4,שקית בגדים - 6",ערערה בנגב,"כסיפה,חברון",,חברון,10/27/2025 4:43pm,216
217-שקית נעלים - 3-25/09/2025-כסיפה,25/09/2025 3:00,1,שקית נעלים - 3,ערערה בנגב,כסיפה,,,10/27/2025 4:44pm,217
"218-שקית נעלים - 5, קרטון כלי מטבח - 4-25/09/2025-ערערה בנגב, חברון",25/09/2025 3:00,2,"שקית נעלים - 5,קרטון כלי מטבח - 4",ערערה בנגב,"ערערה בנגב,חברון",,חברון,10/27/2025 4:47pm,218
"219-שולחן - 2, ארון - 1-25/09/2025-כסיפה",25/09/2025 3:00,1,"שולחן - 2,ארון - 1",ערערה בנגב,כסיפה,,,10/27/2025 4:48pm,219
220-שמיכה - 12-26/09/2025-כסיפה,26/09/2025 3:00,4,שמיכה - 12,כסיפה,כסיפה,,,10/27/2025 4:54pm,220
221-שקית בגדים - 8-26/09/2025-אל קסום,26/09/2025 3:00,1,שקית בגדים - 8,ערערה בנגב,אל קסום,,,10/27/2025 4:55pm,221
222-שקית נעלים - 5-26/09/2025-נווה מדבר,26/09/2025 3:00,1,שקית נעלים - 5,ערערה בנגב,נווה מדבר,,,10/27/2025 4:56pm,222
"223-כיסא לתינוק - 1, מיטה לתינוק - 1, נדנדה לתינוק - 1, הליכון לתינוק - 1-25/09/2025-חורה, אל קסום",25/09/2025 3:00,2,"כיסא לתינוק - 1,מיטה לתינוק - 1,נדנדה לתינוק - 1,הליכון לתינוק - 1",חורה,"חורה,אל קסום",,,10/27/2025 5:01pm,223
224-שקית בגדים - 6-26/09/2025-נווה מדבר,26/09/2025 3:00,1,שקית בגדים - 6,ערערה בנגב,נווה מדבר,,,10/27/2025 5:02pm,224
225-שקית בגדים - 9-26/09/2025-כסיפה,26/09/2025 3:00,1,שקית בגדים - 9,ערערה בנגב,כסיפה,,,10/27/2025 5:03pm,225
"226-עריסה לתינוק - 2-26/09/2025-כסיפה, נווה מדבר",26/09/2025 3:00,2,עריסה לתינוק - 2,כסיפה,"כסיפה,נווה מדבר",,,10/27/2025 5:04pm,226
227-שקית בגדים - 5-27/09/2025-כסיפה,27/09/2025 3:00,1,שקית בגדים - 5,ערערה בנגב,כסיפה,,,10/27/2025 5:06pm,227
"228-שקית נעלים - 4, קרטון כלי מטבח - 5-27/09/2025-נווה מדבר, תל שבע",27/09/2025 3:00,2,"שקית נעלים - 4,קרטון כלי מטבח - 5",ערערה בנגב,"נווה מדבר,תל שבע",,,10/27/2025 5:10pm,228
229-שקית נעלים - 6-27/09/2025-חברון,27/09/2025 3:00,1,שקית נעלים - 6,ערערה בנגב,חברון,,חברון,10/27/2025 5:15pm,229
230-שקית נעלים - 4-27/09/2025-שגב שלום,27/09/2025 3:00,1,שקית נעלים - 4,ערערה בנגב,שגב שלום,,,10/27/2025 5:16pm,230
"231-שטיחים לבית - 12-27/09/2025-כסיפה, חורה",27/09/2025 3:00,2,שטיחים לבית - 12,כסיפה,"כסיפה,חורה",,,10/27/2025 5:17pm,231
"232-שמיכה - 12, שקית בגדים - 2-27/09/2025-ערערה בנגב",27/09/2025 3:00,2,"שמיכה - 12,שקית בגדים - 2",ערערה בנגב,ערערה בנגב,,,10/27/2025 5:18pm,232
233-שקית בגדים - 6-27/09/2025-כסיפה,27/09/2025 3:00,1,שקית בגדים - 6,ערערה בנגב,כסיפה,,,10/27/2025 5:19pm,233
234-שקית נעלים - 3-27/09/2025-נווה מדבר,27/09/2025 3:00,1,שקית נעלים - 3,ערערה בנגב,נווה מדבר,,,10/27/2025 5:20pm,234
235-מזרן - 1-27/10/2025-ערערה בנגב,27/10/2025 2:00,1,מזרן - 1,ערערה בנגב,ערערה בנגב,,,10/27/2025 5:20pm,235
236-סט ישיבה - 1-27/09/2025-כסיפה,27/09/2025 3:00,1,סט ישיבה - 1,ערערה בנגב,כסיפה,,,10/27/2025 5:21pm,236
237-שקיות נייר - 100-27/09/2025-ערערה בנגב,27/09/2025 3:00,2,שקיות נייר - 100,ערערה בנגב,ערערה בנגב,,,10/27/2025 5:23pm,237
238-כרית - 4-28/09/2025-כסיפה,28/09/2025 3:00,1,כרית - 4,ערערה בנגב,כסיפה,,,11/2/2025 1:42pm,238
"239-שטיחים לבית - 4, שקית בגדים - 2-28/10/2025-נווה מדבר",28/10/2025 2:00,1,"שטיחים לבית - 4,שקית בגדים - 2",ערערה בנגב,נווה מדבר,,,11/2/2025 1:44pm,239
"240-ארונית - 4, שטיחים לבית - 6, סל כביסה - 1-28/09/2025-אל קסום, תל שבע",28/09/2025 3:00,3,"ארונית - 4,שטיחים לבית - 6,סל כביסה - 1",תל שבע,"אל קסום,תל שבע",,,11/2/2025 2:05pm,240
241-שקית בגדים - 6-28/09/2025-כסיפה,28/09/2025 3:00,1,שקית בגדים - 6,ערערה בנגב,כסיפה,,,11/2/2025 2:06pm,241
242-שקית ציוד לתינוק - 3-29/09/2025-ערערה בנגב,29/09/2025 3:00,1,שקית ציוד לתינוק - 3,ערערה בנגב,ערערה בנגב,,,11/2/2025 2:10pm,242
243-שקית בגדים - 7-29/09/2025-חברון,29/09/2025 3:00,1,שקית בגדים - 7,ערערה בנגב,חברון,,חברון,11/2/2025 2:11pm,243
244-שקית בגדים - 8-29/09/2025-נווה מדבר,29/09/2025 3:00,1,שקית בגדים - 8,ערערה בנגב,נווה מדבר,,,11/2/2025 2:12pm,244
"245-שקית בגדים - 4, שקית נעלים - 3-29/09/2025-חברון",29/09/2025 3:00,1,"שקית בגדים - 4,שקית נעלים - 3",ערערה בנגב,חברון,,חברון,11/2/2025 2:13pm,245
"246-מכונת כביסה - 1, ארון מטבח קטן - 1, כרית - 8, שטיחים לבית - 8-29/09/2025-כסיפה, ערערה בנגב, נווה מדבר",29/09/2025 3:00,3,"מכונת כביסה - 1,ארון מטבח קטן - 1,כרית - 8,שטיחים לבית - 8",ערערה בנגב,"כסיפה,ערערה בנגב,נווה מדבר",,,11/2/2025 2:16pm,246
"247-עריסה לתינוק - 1, הליכון לתינוק - 1-29/09/2025-כסיפה",29/09/2025 3:00,1,"עריסה לתינוק - 1,הליכון לתינוק - 1",ערערה בנגב,כסיפה,,,11/2/2025 2:18pm,247
"248-שקית בגדים - 4, שקית נעלים - 2-29/09/2025-נווה מדבר",29/09/2025 3:00,1,"שקית בגדים - 4,שקית נעלים - 2",ערערה בנגב,נווה מדבר,,,11/2/2025 2:20pm,248
"249-שמיכה - 6-29/09/2025-כסיפה, חורה, נווה מדבר",29/09/2025 3:00,3,שמיכה - 6,ערערה בנגב,"כסיפה,חורה,נווה מדבר",,,11/2/2025 2:22pm,249
250-שקית בגדים - 5-29/09/2025-חברון,29/09/2025 3:00,1,שקית בגדים - 5,ערערה בנגב,חברון,,חברון,11/2/2025 2:34pm,250
251-תנור אפיה משולב כיריים - 1-29/09/2025-כסיפה,29/09/2025 3:00,1,תנור אפיה משולב כיריים - 1,ערערה בנגב,כסיפה,,,11/2/2025 2:36pm,251
"252-שקית בגדים - 4, שטיחים לבית - 4-30/09/2025-חברון",30/09/2025 3:00,1,"שקית בגדים - 4,שטיחים לבית - 4",ערערה בנגב,חברון,,חברון,11/2/2025 2:41pm,252
253-שקית בגדים - 6-30/09/2025-חורה,30/09/2025 3:00,1,שקית בגדים - 6,ערערה בנגב,חורה,,,11/2/2025 2:42pm,253
"254-ארון בגדים - 2, שידת איפור - 1, ספריית ילדים - 2-30/09/2025-כסיפה",30/09/2025 3:00,2,"ארון בגדים - 2,שידת איפור - 1,ספריית ילדים - 2",כסיפה,כסיפה,,,11/2/2025 2:45pm,254
255-כרטיסיות  - 100-30/09/2025-ערערה בנגב,30/09/2025 3:00,1,כרטיסיות  - 100,ערערה בנגב,ערערה בנגב,,,11/2/2025 2:50pm,255
256-סאג' ללחם - 1-30/09/2025-ערערה בנגב,30/09/2025 3:00,1,סאג' ללחם - 1,ערערה בנגב,ערערה בנגב,,,11/2/2025 2:53pm,256
"257-אלוורה - 10-30/09/2025-כסיפה, ערערה בנגב",30/09/2025 3:00,2,אלוורה - 10,ערערה בנגב,"כסיפה,ערערה בנגב",,,11/2/2025 2:54pm,257
"258-שקית בגדים - 8, שקית נעלים - 4, קרטון כלי מטבח - 3-30/09/2025-נווה מדבר, חברון",30/09/2025 3:00,2,"שקית בגדים - 8,שקית נעלים - 4,קרטון כלי מטבח - 3",ערערה בנגב,"נווה מדבר,חברון",,חברון,11/2/2025 2:56pm,258
259-שקית בגדים - 4-30/09/2025-כסיפה,30/09/2025 3:00,1,שקית בגדים - 4,כסיפה,כסיפה,,,11/2/2025 2:57pm,259
260-משחקים לילדים  - 3-30/09/2025-נווה מדבר,30/09/2025 3:00,1,משחקים לילדים  - 3,ערערה בנגב,נווה מדבר,,,11/2/2025 2:58pm,260
261-שקית בגדים - 4-30/09/2025-חברון,30/09/2025 3:00,1,שקית בגדים - 4,ערערה בנגב,חברון,,חברון,11/2/2025 3:00pm,261
"262-שקית בגדים - 4, שקית ציוד לתינוק - 2-30/09/2025-אל קסום",30/09/2025 3:00,1,"שקית בגדים - 4,שקית ציוד לתינוק - 2",חורה,אל קסום,,,11/2/2025 3:01pm,262
"263-מיטת תינוק - 1, כיסא לתינוק - 1, שקית ציוד לתינוק - 4-30/09/2025-נווה מדבר, ערערה בנגב",30/09/2025 3:00,2,"מיטת תינוק - 1,כיסא לתינוק - 1,שקית ציוד לתינוק - 4",ערערה בנגב,"נווה מדבר,ערערה בנגב",,,11/2/2025 3:03pm,263
264-שקית בגדים - 6-01/10/2025-כסיפה,01/10/2025 3:00,1,שקית בגדים - 6,ערערה בנגב,כסיפה,,,11/2/2025 3:06pm,264
265-כיסוי מגן לטלפון - 7-02/11/2025-כסיפה,02/11/2025 2:00,2,כיסוי מגן לטלפון - 7,כסיפה,כסיפה,,,11/2/2025 3:07pm,265
266-שקית בגדים - 4-01/10/2025-חורה,01/10/2025 3:00,1,שקית בגדים - 4,חורה,חורה,,,11/2/2025 3:08pm,266
267-עדשות ראייה - 36-01/10/2025-אל קסום,01/10/2025 3:00,1,עדשות ראייה - 36,חורה,אל קסום,,,11/2/2025 3:10pm,267
"268-קרטון כלי מטבח - 6-02/11/2025-כסיפה, נווה מדבר",02/11/2025 2:00,2,קרטון כלי מטבח - 6,ערערה בנגב,"כסיפה,נווה מדבר",,,11/2/2025 3:12pm,268
"269-שקית בגדים - 2, שקית נעלים - 2, שטיחים לבית - 3-02/10/2025-חברון",02/10/2025 3:00,1,"שקית בגדים - 2,שקית נעלים - 2,שטיחים לבית - 3",ערערה בנגב,חברון,,חברון,11/2/2025 3:14pm,269
270-שקית בגדים - 3-02/10/2025-שגב שלום,02/10/2025 3:00,1,שקית בגדים - 3,ערערה בנגב,שגב שלום,,,11/2/2025 3:15pm,270
271-שקית נעלים - 2-02/10/2025-כסיפה,02/10/2025 3:00,1,שקית נעלים - 2,ערערה בנגב,כסיפה,,,11/2/2025 3:16pm,271
272-שקית בגדים - 4-02/10/2025-ערערה בנגב,02/10/2025 3:00,1,שקית בגדים - 4,ערערה בנגב,ערערה בנגב,,,11/2/2025 3:17pm,272
273-שקית בגדים - 6-02/10/2025-חברון,02/10/2025 3:00,1,שקית בגדים - 6,ערערה בנגב,חברון,,חברון,11/2/2025 3:17pm,273
"274-מזרן לישיבה - 24, שמיכה - 2-02/10/2025-אל קסום, חורה, כסיפה",02/10/2025 3:00,4,"מזרן לישיבה - 24,שמיכה - 2",חורה,"אל קסום,חורה,כסיפה",,,11/2/2025 3:24pm,274
275-מטרנה לתינוק - 3-02/10/2025-רהט,02/10/2025 3:00,1,מטרנה לתינוק - 3,רהט,רהט,,,11/2/2025 3:25pm,275
276-שקית בגדים - 5-03/10/2025-חברון,03/10/2025 3:00,1,שקית בגדים - 5,ערערה בנגב,חברון,,חברון,11/9/2025 12:06pm,276
277-שקית בגדים - 8-03/10/2025-כסיפה,03/10/2025 3:00,1,שקית בגדים - 8,ערערה בנגב,כסיפה,,,11/9/2025 12:07pm,277
278-משחקים לילדים  - 3-03/10/2025-ערערה בנגב,03/10/2025 3:00,1,משחקים לילדים  - 3,ערערה בנגב,ערערה בנגב,,,11/9/2025 12:08pm,278
"279-מוצרי מזון - 12-03/10/2025-ערערה בנגב, כסיפה, נווה מדבר, חברון",03/10/2025 3:00,12,מוצרי מזון - 12,ערערה בנגב,"ערערה בנגב,כסיפה,נווה מדבר,חברון",,חברון,11/9/2025 12:09pm,279
280-שקית בגדים - 8-03/10/2025-נווה מדבר,03/10/2025 3:00,1,שקית בגדים - 8,ערערה בנגב,נווה מדבר,,,11/9/2025 12:10pm,280
281-שקית בגדים - 6-03/10/2025-כסיפה,03/10/2025 3:00,1,שקית בגדים - 6,ערערה בנגב,כסיפה,,,11/9/2025 12:17pm,281
282-שולחן עבודה - 1-03/10/2025-כסיפה,03/10/2025 3:00,1,שולחן עבודה - 1,ערערה בנגב,כסיפה,,,11/9/2025 12:20pm,282
283-שקית בגדים - 7-03/10/2025-נווה מדבר,03/10/2025 3:00,1,שקית בגדים - 7,ערערה בנגב,נווה מדבר,,,11/9/2025 12:21pm,283
284-תיק בית ספר - 2-03/10/2025-ערערה בנגב,03/10/2025 3:00,1,תיק בית ספר - 2,ערערה בנגב,ערערה בנגב,,,11/9/2025 12:22pm,284
285-שקית בגדים - 5-03/10/2025-נווה מדבר,03/10/2025 3:00,1,שקית בגדים - 5,ערערה בנגב,נווה מדבר,,,11/9/2025 12:23pm,285
286-טלוויזיה - 1-03/10/2025-כסיפה,03/10/2025 3:00,1,טלוויזיה - 1,ערערה בנגב,כסיפה,,,11/9/2025 12:25pm,286
"287-שקית בגדים - 6, שקית ציוד לתינוק - 2-03/10/2025-שגב שלום",03/10/2025 3:00,1,"שקית בגדים - 6,שקית ציוד לתינוק - 2",ערערה בנגב,שגב שלום,,,11/9/2025 12:26pm,287
288-שקית בגדים - 5-03/10/2025-נווה מדבר,03/10/2025 3:00,1,שקית בגדים - 5,נווה מדבר,נווה מדבר,,,11/9/2025 12:27pm,288
"289-סדינים למיטה - 4, שמיכת פוך - 6, שמיכה - 4, כרית - 8, שקית נעלים - 3-03/10/2025-כסיפה, ערערה בנגב, חברון",03/10/2025 3:00,3,"סדינים למיטה - 4,שמיכת פוך - 6,שמיכה - 4,כרית - 8,שקית נעלים - 3",ערערה בנגב,"כסיפה,ערערה בנגב,חברון",,חברון,11/9/2025 12:31pm,289
290-שקית בגדים - 5-04/10/2025-נווה מדבר,04/10/2025 3:00,1,שקית בגדים - 5,ערערה בנגב,נווה מדבר,,,11/9/2025 12:36pm,290
291-הליכון לתינוק - 1-04/10/2025-כסיפה,04/10/2025 3:00,1,הליכון לתינוק - 1,ערערה בנגב,כסיפה,,,11/9/2025 12:37pm,291
292-שקית בגדים - 9-04/10/2025-חברון,04/10/2025 3:00,1,שקית בגדים - 9,ערערה בנגב,חברון,,חברון,11/9/2025 12:38pm,292
293-שקית בגדים - 6-09/11/2025-אל קסום,09/11/2025 2:00,1,שקית בגדים - 6,ערערה בנגב,אל קסום,,,11/9/2025 12:41pm,293
"294-שקית בגדים - 7, תיק בית ספר - 3-04/10/2025-כסיפה",04/10/2025 3:00,1,"שקית בגדים - 7,תיק בית ספר - 3",ערערה בנגב,כסיפה,,,11/9/2025 12:43pm,294
295-שקית נעלים - 4-04/10/2025-חברון,04/10/2025 3:00,1,שקית נעלים - 4,ערערה בנגב,חברון,,חברון,11/9/2025 12:44pm,295
296-שקית בגדים - 12-04/10/2025-רהט,04/10/2025 3:00,1,שקית בגדים - 12,רהט,רהט,,,11/9/2025 12:48pm,296
297-קרטון כלי מטבח - 3-04/10/2025-חברון,04/10/2025 3:00,1,קרטון כלי מטבח - 3,ערערה בנגב,חברון,,חברון,11/9/2025 12:50pm,297
298-סט ספות - 1-05/10/2025-כסיפה,05/10/2025 3:00,1,סט ספות - 1,ערערה בנגב,כסיפה,,,11/9/2025 12:53pm,298
299-שקית נעלים - 9-05/10/2025-כסיפה,05/10/2025 3:00,1,שקית נעלים - 9,ערערה בנגב,כסיפה,,,11/9/2025 12:54pm,299
"300-כיסא בטיחות לרכב - 1, משחקים לילדים  - 1, תיק בית ספר - 1, שקית ציוד לתינוק - 1-05/10/2025-נווה מדבר",05/10/2025 3:00,1,"כיסא בטיחות לרכב - 1,משחקים לילדים  - 1,תיק בית ספר - 1,שקית ציוד לתינוק - 1",ערערה בנגב,נווה מדבר,,,11/9/2025 12:56pm,300
301-שקית נעלים - 2-05/10/2025-חברון,05/10/2025 3:00,1,שקית נעלים - 2,ערערה בנגב,חברון,,חברון,11/9/2025 12:56pm,301
302-מזגן נייד - 1-05/10/2025-נווה מדבר,05/10/2025 3:00,1,מזגן נייד - 1,ערערה בנגב,נווה מדבר,,,11/9/2025 12:58pm,302
303-קרטון כלי מטבח - 6-05/10/2025-כסיפה,05/10/2025 3:00,1,קרטון כלי מטבח - 6,ערערה בנגב,כסיפה,,,11/9/2025 12:59pm,303
"304-שקית בגדים - 4, תיק בית ספר - 4-05/10/2025-נווה מדבר",05/10/2025 3:00,1,"שקית בגדים - 4,תיק בית ספר - 4",ערערה בנגב,נווה מדבר,,,11/9/2025 1:01pm,304
"305-שקית בגדים - 6, שקית נעלים - 3-05/10/2025-חברון",05/10/2025 3:00,1,"שקית בגדים - 6,שקית נעלים - 3",ערערה בנגב,חברון,,חברון,11/9/2025 1:03pm,305
306-שקית בגדים - 8-05/10/2025-רהט,05/10/2025 3:00,1,שקית בגדים - 8,רהט,רהט,,,11/9/2025 1:05pm,306
"307-מכונת כביסה - 1, נדנדה לתינוק - 1-05/10/2025-נווה מדבר",05/10/2025 3:00,1,"מכונת כביסה - 1,נדנדה לתינוק - 1",ערערה בנגב,נווה מדבר,,,11/9/2025 1:14pm,307
308-שקית בגדים - 11-05/10/2025-חברון,05/10/2025 3:00,1,שקית בגדים - 11,ערערה בנגב,חברון,,חברון,11/9/2025 1:18pm,308
"309-מוצרי מזון - 3-05/10/2025-כסיפה, נווה מדבר",05/10/2025 3:00,3,מוצרי מזון - 3,ערערה בנגב,"כסיפה,נווה מדבר",,,11/9/2025 1:19pm,309
"310-קרטון כלי מטבח - 4, שקית נעלים - 5, שקית בגדים - 6-06/10/2025-כסיפה",06/10/2025 3:00,1,"קרטון כלי מטבח - 4,שקית נעלים - 5,שקית בגדים - 6",ערערה בנגב,כסיפה,,,11/9/2025 1:27pm,310
"311-אלוורה - 12-06/10/2025-ערערה בנגב, נווה מדבר",06/10/2025 3:00,2,אלוורה - 12,ערערה בנגב,"ערערה בנגב,נווה מדבר",,,11/9/2025 1:28pm,311
312-שקית נעלים - 3-06/10/2025-חברון,06/10/2025 3:00,1,שקית נעלים - 3,ערערה בנגב,חברון,,חברון,11/9/2025 1:29pm,312
313-שקית בגדים - 6-06/10/2025-חורה,06/10/2025 3:00,1,שקית בגדים - 6,חורה,חורה,,,11/9/2025 1:31pm,313
"314-מוצרי מזון - 4-06/10/2025-כסיפה, נווה מדבר",06/10/2025 3:00,4,מוצרי מזון - 4,ערערה בנגב,"כסיפה,נווה מדבר",,,11/9/2025 1:32pm,314
"315-קרטון כלי מטבח - 7-06/10/2025-כסיפה, חברון",06/10/2025 3:00,2,קרטון כלי מטבח - 7,ערערה בנגב,"כסיפה,חברון",,חברון,11/9/2025 2:42pm,315
"316-שקית בגדים - 8, שקית נעלים - 3, כיסא בטיחות לרכב - 1-06/10/2025-נווה מדבר",06/10/2025 3:00,1,"שקית בגדים - 8,שקית נעלים - 3,כיסא בטיחות לרכב - 1",ערערה בנגב,נווה מדבר,,,11/9/2025 2:44pm,316
"317-שקית תכשיטים שונים - 1, שקית בגדים - 3, שקית נעלים - 1, כיסא בטיחות לרכב - 1, נדנדה לתינוק - 1-06/10/2025-נווה מדבר, חורה, חברון",06/10/2025 3:00,3,"שקית תכשיטים שונים - 1,שקית בגדים - 3,שקית נעלים - 1,כיסא בטיחות לרכב - 1,נדנדה לתינוק - 1",ערערה בנגב,"נווה מדבר,חורה,חברון",,חברון,11/9/2025 2:46pm,317
"318-תיקים לנשים - 8, שקית בגדים - 3-06/10/2025-נווה מדבר",06/10/2025 3:00,1,"תיקים לנשים - 8,שקית בגדים - 3",ערערה בנגב,נווה מדבר,,,11/9/2025 2:48pm,318
319-שקית בגדים - 8-06/10/2025-חורה,06/10/2025 3:00,1,שקית בגדים - 8,חורה,חורה,,,11/9/2025 3:05pm,319
"320-שקית בגדים - 12-06/10/2025-חורה, אל קסום",06/10/2025 3:00,3,שקית בגדים - 12,חורה,"חורה,אל קסום",,,11/9/2025 3:07pm,320
321-שקית בגדים - 6-06/10/2025-נווה מדבר,06/10/2025 3:00,1,שקית בגדים - 6,ערערה בנגב,נווה מדבר,,,11/9/2025 3:08pm,321
"322-וילונות - 12, כיסוי לספות - 12, שקית בגדים - 6-06/10/2025-כסיפה, נווה מדבר",06/10/2025 3:00,2,"וילונות - 12,כיסוי לספות - 12,שקית בגדים - 6",ערערה בנגב,"כסיפה,נווה מדבר",,,11/9/2025 3:12pm,322
323-תיקים לנשים - 7-07/10/2025-כסיפה,07/10/2025 3:00,1,תיקים לנשים - 7,ערערה בנגב,כסיפה,,,11/9/2025 3:21pm,323
324-משחקים לילדים  - 5-07/10/2025-חורה,07/10/2025 3:00,1,משחקים לילדים  - 5,ערערה בנגב,חורה,,,11/9/2025 3:22pm,324
"325-קרטון כלי מטבח - 12-07/10/2025-כסיפה, נווה מדבר, חברון",07/10/2025 3:00,3,קרטון כלי מטבח - 12,ערערה בנגב,"כסיפה,נווה מדבר,חברון",,חברון,11/9/2025 3:23pm,325
326-טושים - 100-07/10/2025-כסיפה,07/10/2025 3:00,1,טושים - 100,ערערה בנגב,כסיפה,,,11/9/2025 3:27pm,326
327-שקית בגדים - 12-08/10/2025-חברון,08/10/2025 3:00,1,שקית בגדים - 12,ערערה בנגב,חברון,,חברון,11/9/2025 3:32pm,327
"328-שקית בגדים - 4, מטרנה לתינוק - 3-08/10/2025-כסיפה",08/10/2025 3:00,1,"שקית בגדים - 4,מטרנה לתינוק - 3",ערערה בנגב,כסיפה,,,11/9/2025 3:36pm,328
"329-שמיכת פוך - 3, וילונות - 6, סדינים למיטה - 4, סט מצעים וכריות - 6-08/10/2025-כסיפה, ערערה בנגב",08/10/2025 3:00,2,"שמיכת פוך - 3,וילונות - 6,סדינים למיטה - 4,סט מצעים וכריות - 6",ערערה בנגב,"כסיפה,ערערה בנגב",,,11/9/2025 3:38pm,329
330-שקית בגדים - 8-08/10/2025-חברון,08/10/2025 3:00,1,שקית בגדים - 8,ערערה בנגב,חברון,,חברון,11/9/2025 3:39pm,330
"331-שקית בגדים - 13-08/10/2025-כסיפה, חברון",08/10/2025 3:00,3,שקית בגדים - 13,ערערה בנגב,"כסיפה,חברון",,חברון,11/9/2025 3:40pm,331
332-שקית בגדים - 6-08/10/2025-כסיפה,08/10/2025 3:00,1,שקית בגדים - 6,ערערה בנגב,כסיפה,,,11/9/2025 3:41pm,332
"333-מזרן לישיבה - 12, שמיכה - 4-08/10/2025-כסיפה, אל קסום",08/10/2025 3:00,2,"מזרן לישיבה - 12,שמיכה - 4",כסיפה,"כסיפה,אל קסום",,,11/9/2025 3:43pm,333
"334-עגלה לתינוק - 2, כיסא בטיחות לרכב - 1, עריסה לתינוק - 1, נדנדה לתינוק - 1-08/10/2025-שגב שלום, נווה מדבר, כסיפה",08/10/2025 3:00,4,"עגלה לתינוק - 2,כיסא בטיחות לרכב - 1,עריסה לתינוק - 1,נדנדה לתינוק - 1",ערערה בנגב,"שגב שלום,נווה מדבר,כסיפה",,,11/9/2025 3:46pm,334
"335-שקית נעלים - 8, תיקים לנשים - 4-08/10/2025-כסיפה, שגב שלום",08/10/2025 3:00,2,"שקית נעלים - 8,תיקים לנשים - 4",ערערה בנגב,"כסיפה,שגב שלום",,,11/9/2025 3:48pm,335
336-שקית בגדים - 8-08/10/2025-כסיפה,08/10/2025 3:00,1,שקית בגדים - 8,ערערה בנגב,כסיפה,,,11/9/2025 3:49pm,336
337-קרטון כלי מטבח - 7-09/10/2025-נווה מדבר,09/10/2025 3:00,1,קרטון כלי מטבח - 7,ערערה בנגב,נווה מדבר,,,11/9/2025 3:52pm,337
338-שקית בגדים - 8-09/10/2025-חברון,09/10/2025 3:00,1,שקית בגדים - 8,ערערה בנגב,חברון,,חברון,11/9/2025 3:54pm,338
"339-מכונת כביסה - 1, טלוויזיה - 1, שולחן עבודה - 1-09/10/2025-כסיפה, נווה מדבר",09/10/2025 3:00,2,"מכונת כביסה - 1,טלוויזיה - 1,שולחן עבודה - 1",ערערה בנגב,"כסיפה,נווה מדבר",,,11/9/2025 3:55pm,339
"340-שמיכת פוך - 4, שמיכה - 4, שטיחים לבית - 6-10/10/2025-כסיפה, ערערה בנגב, חברון",10/10/2025 3:00,3,"שמיכת פוך - 4,שמיכה - 4,שטיחים לבית - 6",ערערה בנגב,"כסיפה,ערערה בנגב,חברון",,חברון,11/9/2025 3:58pm,340
341-שקית בגדים - 3-10/10/2025-כסיפה,10/10/2025 3:00,1,שקית בגדים - 3,ערערה בנגב,כסיפה,,,11/9/2025 3:59pm,341
"342-שמיכת פוך - 8-10/10/2025-כסיפה, ערערה בנגב, תל שבע",10/10/2025 3:00,3,שמיכת פוך - 8,ערערה בנגב,"כסיפה,ערערה בנגב,תל שבע",,,11/9/2025 4:00pm,342
343-שקית בגדים - 6-10/10/2025-כסיפה,10/10/2025 3:00,1,שקית בגדים - 6,כסיפה,כסיפה,,,11/9/2025 4:01pm,343
344-שקית נעלים - 6-10/10/2025-אל קסום,10/10/2025 3:00,1,שקית נעלים - 6,ערערה בנגב,אל קסום,,,11/9/2025 4:02pm,344
"345-קרטון כלי מטבח - 3, משחקים לילדים  - 4, ספריית ילדים - 1-10/10/2025-כסיפה",10/10/2025 3:00,1,"קרטון כלי מטבח - 3,משחקים לילדים  - 4,ספריית ילדים - 1",כסיפה,כסיפה,,,11/9/2025 4:03pm,345
346-מוצרי מזון - 4-10/10/2025-ערערה בנגב,10/10/2025 3:00,1,מוצרי מזון - 4,ערערה בנגב,ערערה בנגב,,,11/9/2025 4:04pm,346
"347-נברשת - 2, סט ספות - 1-10/10/2025-כסיפה",10/10/2025 3:00,1,"נברשת - 2,סט ספות - 1",ערערה בנגב,כסיפה,,,11/9/2025 4:06pm,347
"348-קרטון כלי מטבח - 3, מזרן לישיבה - 6, שמיכה - 5, שטיחים לבית - 6-10/10/2025-כסיפה, אל קסום, חברון",10/10/2025 3:00,3,"קרטון כלי מטבח - 3,מזרן לישיבה - 6,שמיכה - 5,שטיחים לבית - 6",ערערה בנגב,"כסיפה,אל קסום,חברון",,חברון,11/9/2025 4:08pm,348
349-שקית בגדים - 5-10/10/2025-ערערה בנגב,10/10/2025 3:00,1,שקית בגדים - 5,ערערה בנגב,ערערה בנגב,,,11/9/2025 4:09pm,349
"350-מיטה לתינוק - 1, שקית בגדים - 4, שקית ציוד לתינוק - 3-11/10/2025-כסיפה, נווה מדבר",11/10/2025 3:00,2,"מיטה לתינוק - 1,שקית בגדים - 4,שקית ציוד לתינוק - 3",ערערה בנגב,"כסיפה,נווה מדבר",,,11/10/2025 1:28pm,350
351-טלוויזיה - 1-11/10/2025-נווה מדבר,11/10/2025 3:00,1,טלוויזיה - 1,ערערה בנגב,נווה מדבר,,,11/10/2025 1:29pm,351
352-קרטון כלי מטבח - 3-11/10/2025-חברון,11/10/2025 3:00,1,קרטון כלי מטבח - 3,ערערה בנגב,חברון,,חברון,11/10/2025 1:30pm,352
353-שולחן אוכל - 1-12/10/2025-כסיפה,12/10/2025 3:00,1,שולחן אוכל - 1,ערערה בנגב,כסיפה,,,11/10/2025 1:32pm,353
354-מקרר - 1-12/10/2025-ערערה בנגב,12/10/2025 3:00,1,מקרר - 1,ערערה בנגב,ערערה בנגב,,,11/10/2025 1:34pm,354
355-שקית בגדים - 7-12/10/2025-כסיפה,12/10/2025 3:00,1,שקית בגדים - 7,ערערה בנגב,כסיפה,,,11/10/2025 1:35pm,355
356-קרטון כלי מטבח - 5-12/10/2025-נווה מדבר,12/10/2025 3:00,1,קרטון כלי מטבח - 5,ערערה בנגב,נווה מדבר,,,11/10/2025 1:42pm,356
"357-כיסא בטיחות לרכב - 2, שקית בגדים - 3, שקית ציוד לתינוק - 4-12/10/2025-לקיה, כסיפה",12/10/2025 3:00,2,"כיסא בטיחות לרכב - 2,שקית בגדים - 3,שקית ציוד לתינוק - 4",ערערה בנגב,"לקיה,כסיפה",,,11/10/2025 1:46pm,357
"358-מכונת כביסה - 1, מיטה - 1, חלון - 6, מנגל פחם - 2, מאורר - 1, שקית בגדים - 5-12/10/2025-ערערה בנגב, כסיפה, חורה",12/10/2025 3:00,4,"מכונת כביסה - 1,מיטה - 1,חלון - 6,מנגל פחם - 2,מאורר - 1,שקית בגדים - 5",ערערה בנגב,"ערערה בנגב,כסיפה,חורה",,,11/10/2025 1:52pm,358
359-ספרים - 7-12/10/2025-ערערה בנגב,12/10/2025 3:00,1,ספרים - 7,ערערה בנגב,ערערה בנגב,,,11/10/2025 1:53pm,359
"360-שקית נעלים - 3, שקית בגדים - 6-12/10/2025-נווה מדבר",12/10/2025 3:00,1,"שקית נעלים - 3,שקית בגדים - 6",ערערה בנגב,נווה מדבר,,,11/10/2025 1:55pm,360
"361-שקית בגדים - 7, תיקים לנשים - 8, קרטון כלי מטבח - 3-13/10/2025-כסיפה",13/10/2025 3:00,2,"שקית בגדים - 7,תיקים לנשים - 8,קרטון כלי מטבח - 3",כסיפה,כסיפה,,,11/10/2025 2:00pm,361
362-שקית בגדים - 6-13/10/2025-רהט,13/10/2025 3:00,1,שקית בגדים - 6,רהט,רהט,,,11/10/2025 2:01pm,362
"363-חלב - 6-10/11/2025-ערערה בנגב, נווה מדבר",10/11/2025 2:00,2,חלב - 6,ערערה בנגב,"ערערה בנגב,נווה מדבר",,,11/10/2025 2:02pm,363
364-שקית בגדים - 3-13/10/2025-ערערה בנגב,13/10/2025 3:00,1,שקית בגדים - 3,ערערה בנגב,ערערה בנגב,,,11/10/2025 2:03pm,364
365-שולחן אוכל - 1-13/10/2025-ערערה בנגב,13/10/2025 3:00,1,שולחן אוכל - 1,ערערה בנגב,ערערה בנגב,,,11/10/2025 2:03pm,365
"366-מזרן לישיבה - 12, שטיחים לבית - 8-14/10/2025-נווה מדבר, כסיפה",14/10/2025 3:00,2,"מזרן לישיבה - 12,שטיחים לבית - 8",ערערה בנגב,"נווה מדבר,כסיפה",,,11/10/2025 2:08pm,366
367-שקית נעלים - 3-14/10/2025-כסיפה,14/10/2025 3:00,1,שקית נעלים - 3,ערערה בנגב,כסיפה,,,11/10/2025 2:08pm,367
"368-קומקום חשמלי - 1, וילונות - 8, סדינים למיטה - 4, כיסוי לספות - 5, מתקן ייבוש כלים - 1-14/10/2025-נווה מדבר, כסיפה, חברון",14/10/2025 3:00,3,"קומקום חשמלי - 1,וילונות - 8,סדינים למיטה - 4,כיסוי לספות - 5,מתקן ייבוש כלים - 1",ערערה בנגב,"נווה מדבר,כסיפה,חברון",,חברון,11/10/2025 2:15pm,368
"369-שמיכה - 6, שמיכת פוך - 4-14/10/2025-כסיפה, נווה מדבר, ערערה בנגב",14/10/2025 3:00,3,"שמיכה - 6,שמיכת פוך - 4",ערערה בנגב,"כסיפה,נווה מדבר,ערערה בנגב",,,11/10/2025 2:17pm,369
370-שקית ציוד לתינוק - 4-14/10/2025-כסיפה,14/10/2025 3:00,1,שקית ציוד לתינוק - 4,ערערה בנגב,כסיפה,,,11/10/2025 2:17pm,370
"371-כיסא בטיחות לרכב - 3, עגלה לתינוק - 2-14/10/2025-כסיפה, נווה מדבר, חורה, ערערה בנגב",14/10/2025 3:00,4,"כיסא בטיחות לרכב - 3,עגלה לתינוק - 2",ערערה בנגב,"כסיפה,נווה מדבר,חורה,ערערה בנגב",,,11/10/2025 2:19pm,371
372-שקית בגדים - 6-14/10/2025-כסיפה,14/10/2025 3:00,1,שקית בגדים - 6,ערערה בנגב,כסיפה,,,11/10/2025 2:20pm,372
373-שקית נעלים - 6-14/10/2025-נווה מדבר,14/10/2025 3:00,1,שקית נעלים - 6,ערערה בנגב,נווה מדבר,,,11/10/2025 2:21pm,373
374-שקית בגדים - 18-15/10/2025-אל קסום,15/10/2025 3:00,1,שקית בגדים - 18,ערערה בנגב,אל קסום,,,11/10/2025 2:23pm,374
375-שקית בגדים - 8-15/10/2025-נווה מדבר,15/10/2025 3:00,1,שקית בגדים - 8,ערערה בנגב,נווה מדבר,,,11/10/2025 2:25pm,375
"376-שקית נעלים - 3, שקית בגדים - 6-15/10/2025-חורה",15/10/2025 3:00,1,"שקית נעלים - 3,שקית בגדים - 6",ערערה בנגב,חורה,,,11/10/2025 2:26pm,376
"377-תיק בית ספר - 12, תיק בית ספר - 8-16/10/2025-ערערה בנגב, כסיפה, נווה מדבר",16/10/2025 3:00,3,"תיק בית ספר - 12,תיק בית ספר - 8",ערערה בנגב,"ערערה בנגב,כסיפה,נווה מדבר",,,11/10/2025 2:31pm,377
378-שקית בגדים - 12-16/10/2025-כסיפה,16/10/2025 3:00,1,שקית בגדים - 12,ערערה בנגב,כסיפה,,,11/10/2025 2:33pm,378
379-קרטון כלי מטבח - 4-16/10/2025-כסיפה,16/10/2025 3:00,1,קרטון כלי מטבח - 4,ערערה בנגב,כסיפה,,,11/10/2025 2:34pm,379
380-שקית בגדים - 12-16/10/2025-נווה מדבר,16/10/2025 3:00,1,שקית בגדים - 12,ערערה בנגב,נווה מדבר,,,11/10/2025 2:36pm,380
381-שקית בגדים - 4-16/10/2025-ערערה בנגב,16/10/2025 3:00,1,שקית בגדים - 4,ערערה בנגב,ערערה בנגב,,,11/10/2025 2:37pm,381
"382-שקית בגדים - 7, שקית נעלים - 6-17/10/2025-כסיפה",17/10/2025 3:00,1,"שקית בגדים - 7,שקית נעלים - 6",ערערה בנגב,כסיפה,,,11/10/2025 2:41pm,382
"383-מכונת כביסה - 1, מקרר דלפק - 1, עגלה לתינוק - 1, כיסא בטיחות לרכב - 1-17/10/2025-כסיפה, ערערה בנגב",17/10/2025 3:00,3,"מכונת כביסה - 1,מקרר דלפק - 1,עגלה לתינוק - 1,כיסא בטיחות לרכב - 1",ערערה בנגב,"כסיפה,ערערה בנגב",,,11/10/2025 2:47pm,383
384-קרטון כלי מטבח - 4-17/10/2025-חורה,17/10/2025 3:00,1,קרטון כלי מטבח - 4,חורה,חורה,,,11/10/2025 2:49pm,384
385-שקית ציוד לתינוק - 4-17/10/2025-ערערה בנגב,17/10/2025 3:00,1,שקית ציוד לתינוק - 4,ערערה בנגב,ערערה בנגב,,,11/10/2025 2:57pm,385
"386-שמיכת פוך - 2, סדינים למיטה - 3, סט מצעים וכריות - 12, וילונות - 6-17/10/2025-כסיפה, חברון",17/10/2025 3:00,2,"שמיכת פוך - 2,סדינים למיטה - 3,סט מצעים וכריות - 12,וילונות - 6",ערערה בנגב,"כסיפה,חברון",,חברון,11/10/2025 2:59pm,386
387-שקית בגדים - 5-18/10/2025-נווה מדבר,18/10/2025 3:00,1,שקית בגדים - 5,ערערה בנגב,נווה מדבר,,,11/10/2025 3:01pm,387
388-קרטון כלי מטבח - 6-17/10/2025-כסיפה,17/10/2025 3:00,1,קרטון כלי מטבח - 6,ערערה בנגב,כסיפה,,,11/10/2025 3:01pm,388
"389-שקית ציוד לתינוק - 7-17/10/2025-כסיפה, ערערה בנגב",17/10/2025 3:00,2,שקית ציוד לתינוק - 7,ערערה בנגב,"כסיפה,ערערה בנגב",,,11/10/2025 3:02pm,389
390-שקית בגדים - 8-17/10/2025-נווה מדבר,17/10/2025 3:00,1,שקית בגדים - 8,ערערה בנגב,נווה מדבר,,,11/10/2025 3:04pm,390
391-שקית נעלים - 5-18/10/2025-כסיפה,18/10/2025 3:00,1,שקית נעלים - 5,ערערה בנגב,כסיפה,,,11/10/2025 3:05pm,391
392-שקית בגדים - 12-18/10/2025-חברון,18/10/2025 3:00,1,שקית בגדים - 12,ערערה בנגב,חברון,,חברון,11/10/2025 3:05pm,392
393-סט מצעים וכריות - 24-18/10/2025-נווה מדבר,18/10/2025 3:00,1,סט מצעים וכריות - 24,ערערה בנגב,נווה מדבר,,,11/10/2025 3:06pm,393
394-שקית בגדים - 8-19/10/2025-חברון,19/10/2025 3:00,1,שקית בגדים - 8,ערערה בנגב,חברון,,חברון,11/10/2025 3:09pm,394
395-שקית ציוד לתינוק - 4-19/10/2025-נווה מדבר,19/10/2025 3:00,1,שקית ציוד לתינוק - 4,ערערה בנגב,נווה מדבר,,,11/10/2025 3:10pm,395
396-ארון בגדים - 2-19/10/2025-כסיפה,19/10/2025 3:00,1,ארון בגדים - 2,ערערה בנגב,כסיפה,,,11/10/2025 3:11pm,396
397-שקית בגדים - 4-19/10/2025-ערערה בנגב,19/10/2025 3:00,1,שקית בגדים - 4,ערערה בנגב,ערערה בנגב,,,11/10/2025 3:12pm,397
398-מכונת כביסה - 1-19/10/2025-כסיפה,19/10/2025 3:00,1,מכונת כביסה - 1,ערערה בנגב,כסיפה,,,11/10/2025 3:13pm,398
399-מטבח שלם - 1-20/10/2025-כסיפה,20/10/2025 3:00,1,מטבח שלם - 1,ערערה בנגב,כסיפה,,,11/10/2025 3:16pm,399
400-שקית בגדים - 5-20/10/2025-כסיפה,20/10/2025 3:00,1,שקית בגדים - 5,כסיפה,כסיפה,,,11/10/2025 3:17pm,400
"401-עגלה לתינוק - 2, נדנדה לתינוק - 1, כיסא בטיחות לרכב - 1-20/10/2025-ערערה בנגב, כסיפה",20/10/2025 3:00,2,"עגלה לתינוק - 2,נדנדה לתינוק - 1,כיסא בטיחות לרכב - 1",ערערה בנגב,"ערערה בנגב,כסיפה",,,11/10/2025 3:19pm,401
402-שקית נעלים - 8-20/10/2025-חברון,20/10/2025 3:00,1,שקית נעלים - 8,ערערה בנגב,חברון,,חברון,11/10/2025 3:20pm,402
403-שקית נעלים - 6-20/10/2025-ערערה בנגב,20/10/2025 3:00,1,שקית נעלים - 6,ערערה בנגב,ערערה בנגב,,,11/10/2025 3:21pm,403
404-סט ספות - 1-20/10/2025-כסיפה,20/10/2025 3:00,1,סט ספות - 1,ערערה בנגב,כסיפה,,,11/10/2025 3:21pm,404
405-שקית בגדים - 6-20/10/2025-חברון,20/10/2025 3:00,1,שקית בגדים - 6,ערערה בנגב,חברון,,חברון,11/10/2025 3:23pm,405
406-שמיכת פוך - 4-20/10/2025-כסיפה,20/10/2025 3:00,1,שמיכת פוך - 4,ערערה בנגב,כסיפה,,,11/10/2025 3:24pm,406
407-שקית ציוד לתינוק - 6-20/10/2025-חברון,20/10/2025 3:00,1,שקית ציוד לתינוק - 6,ערערה בנגב,חברון,,חברון,11/10/2025 3:24pm,407
408-מטרנה לתינוק - 3-20/10/2025-כסיפה,20/10/2025 3:00,1,מטרנה לתינוק - 3,ערערה בנגב,כסיפה,,,11/10/2025 3:25pm,408
409-מטרנה לתינוק - 2-20/10/2025-ערערה בנגב,20/10/2025 3:00,1,מטרנה לתינוק - 2,ערערה בנגב,ערערה בנגב,,,11/10/2025 3:26pm,409
410-שקית בגדים - 4-21/10/2025-חברון,21/10/2025 3:00,1,שקית בגדים - 4,ערערה בנגב,חברון,,חברון,11/10/2025 3:28pm,410
411-חלון - 8-21/10/2025-ערערה בנגב,21/10/2025 3:00,1,חלון - 8,ערערה בנגב,ערערה בנגב,,,11/10/2025 3:29pm,411
"412-קרטון כלי מטבח - 6, תיק בית ספר - 6, שטיחים לבית - 8-21/10/2025-ערערה בנגב, כסיפה, חברון",21/10/2025 3:00,3,"קרטון כלי מטבח - 6,תיק בית ספר - 6,שטיחים לבית - 8",ערערה בנגב,"ערערה בנגב,כסיפה,חברון",,חברון,11/10/2025 3:30pm,412
413-סט ספות - 1-21/10/2025-נווה מדבר,21/10/2025 3:00,1,סט ספות - 1,ערערה בנגב,נווה מדבר,,,11/10/2025 3:30pm,413
"414-שמיכה - 8, שמיכת פוך - 7-21/10/2025-חורה, נווה מדבר, כסיפה",21/10/2025 3:00,4,"שמיכה - 8,שמיכת פוך - 7",ערערה בנגב,"חורה,נווה מדבר,כסיפה",,,11/10/2025 3:31pm,414
415-שקית נעלים - 4-21/10/2025-חברון,21/10/2025 3:00,1,שקית נעלים - 4,ערערה בנגב,חברון,,חברון,11/10/2025 3:32pm,415
"416-מיטת תינוק - 2, טלוויזיה - 1, כיסא לתינוק - 1-21/10/2025-חברון",21/10/2025 3:00,3,"מיטת תינוק - 2,טלוויזיה - 1,כיסא לתינוק - 1",ערערה בנגב,חברון,,,11/10/2025 3:34pm,416
"417-כרית - 35, שקית בגדים - 4-22/10/2025-לקיה, כסיפה",22/10/2025 3:00,2,"כרית - 35,שקית בגדים - 4",ערערה בנגב,"לקיה,כסיפה",,,11/10/2025 3:36pm,417
418-שקית בגדים - 8-22/10/2025-חברון,22/10/2025 3:00,1,שקית בגדים - 8,ערערה בנגב,חברון,,חברון,11/10/2025 3:39pm,418
"419-שקית בגדים - 9, שקית נעלים - 6-22/10/2025-חברון",22/10/2025 3:00,1,"שקית בגדים - 9,שקית נעלים - 6",ערערה בנגב,חברון,,חברון,11/10/2025 3:42pm,419
420-מטבח שלם - 1-22/10/2025-רהט,22/10/2025 3:00,1,מטבח שלם - 1,רהט,רהט,,,11/10/2025 3:44pm,420
421-שקית ציוד לתינוק - 6-23/10/2025-חורה,23/10/2025 3:00,1,שקית ציוד לתינוק - 6,ערערה בנגב,חורה,,,11/10/2025 3:48pm,421
"422-מיקרוגל - 1, תנור - 1-23/10/2025-כסיפה, נווה מדבר",23/10/2025 3:00,2,"מיקרוגל - 1,תנור - 1",ערערה בנגב,"כסיפה,נווה מדבר",,,11/10/2025 3:53pm,422
423-שקית בגדים - 8-23/10/2025-אל קסום,23/10/2025 3:00,1,שקית בגדים - 8,חורה,אל קסום,,,11/10/2025 3:58pm,423
424-שקית בגדים - 7-23/10/2025-חורה,23/10/2025 3:00,1,שקית בגדים - 7,חורה,חורה,,,11/10/2025 3:59pm,424
425-תנור - 1-23/10/2025-לקיה,23/10/2025 3:00,1,תנור - 1,לקיה,לקיה,,,11/10/2025 4:02pm,425
"426-הליכון לתינוק - 1, עריסה לתינוק - 1-23/10/2025-כסיפה, נווה מדבר",23/10/2025 3:00,2,"הליכון לתינוק - 1,עריסה לתינוק - 1",ערערה בנגב,"כסיפה,נווה מדבר",,,11/10/2025 4:04pm,426
427-שקית בגדים - 7-23/10/2025-נווה מדבר,23/10/2025 3:00,1,שקית בגדים - 7,ערערה בנגב,נווה מדבר,,,11/10/2025 4:06pm,427
428-שקית בגדים - 8-24/10/2025-תל שבע,24/10/2025 3:00,1,שקית בגדים - 8,ערערה בנגב,תל שבע,,,11/10/2025 4:08pm,428
"429-שקית בגדים - 7-24/10/2025-לקיה, אל קסום",24/10/2025 3:00,2,שקית בגדים - 7,לקיה,"לקיה,אל קסום",,,11/10/2025 4:09pm,429
430-תיקים לנשים - 8-24/10/2025-חורה,24/10/2025 3:00,1,תיקים לנשים - 8,חורה,חורה,,,11/10/2025 4:10pm,430
"431-קרטון כלי מטבח - 8-25/10/2025-כסיפה, חברון",25/10/2025 3:00,2,קרטון כלי מטבח - 8,ערערה בנגב,"כסיפה,חברון",,חברון,11/10/2025 4:13pm,431
432-מדפסת - 1-25/10/2025-ערערה בנגב,25/10/2025 3:00,1,מדפסת - 1,ערערה בנגב,ערערה בנגב,,,11/10/2025 4:13pm,432
"433-מכונת כביסה - 1, מכונת מייבש כביסה - 1, תנור חימום - 2, סל כביסה - 2, כיסא בטיחות לרכב - 1, תיק בית ספר - 7, שקית נעלים - 1, שואב אבק - 1-25/10/2025-כסיפה, נווה מדבר, ערערה בנגב, חברון",25/10/2025 3:00,5,"מכונת כביסה - 1,מכונת מייבש כביסה - 1,תנור חימום - 2,סל כביסה - 2,כיסא בטיחות לרכב - 1,תיק בית ספר - 7,שקית נעלים - 1,שואב אבק - 1",ערערה בנגב,"כסיפה,נווה מדבר,ערערה בנגב,חברון",,חברון,11/10/2025 4:17pm,433
"434-שקית בגדים - 14, שקית נעלים - 6-25/10/2025-כסיפה, חברון",25/10/2025 3:00,2,"שקית בגדים - 14,שקית נעלים - 6",ערערה בנגב,"כסיפה,חברון",,חברון,11/10/2025 4:19pm,434
"435-שקית בגדים - 8, תיק בית ספר - 6, משחקים לילדים  - 6-25/10/2025-חורה, חברון",25/10/2025 3:00,2,"שקית בגדים - 8,תיק בית ספר - 6,משחקים לילדים  - 6",ערערה בנגב,"חורה,חברון",,חברון,11/10/2025 4:20pm,435
"436-שקית בגדים - 8, שקית נעלים - 4-25/10/2025-רהט",25/10/2025 3:00,1,"שקית בגדים - 8,שקית נעלים - 4",רהט,רהט,,,11/10/2025 4:21pm,436
437-שקית בגדים - 6-25/10/2025-חברון,25/10/2025 3:00,1,שקית בגדים - 6,ערערה בנגב,חברון,,חברון,11/10/2025 4:22pm,437
438-שקית בגדים - 5-25/10/2025-נווה מדבר,25/10/2025 3:00,1,שקית בגדים - 5,נווה מדבר,נווה מדבר,,,11/10/2025 4:23pm,438
439-תנור - 1-25/10/2025-לקיה,25/10/2025 3:00,1,תנור - 1,חורה,לקיה,,,11/10/2025 4:23pm,439
"440-שמיכת פוך - 12-26/10/2025-רהט, אל קסום",26/10/2025 2:00,2,שמיכת פוך - 12,רהט,"רהט,אל קסום",,,11/10/2025 4:25pm,440
"441-שקית ציוד לתינוק - 4, עגלה לתינוק - 1, אמבטיה לתינוק - 1-26/10/2025-חורה",26/10/2025 2:00,1,"שקית ציוד לתינוק - 4,עגלה לתינוק - 1,אמבטיה לתינוק - 1",חורה,חורה,,,11/10/2025 4:26pm,441
442-ספריית ילדים - 1-26/10/2025-כסיפה,26/10/2025 2:00,1,ספריית ילדים - 1,כסיפה,כסיפה,,,11/10/2025 4:27pm,442
443-שקית נעלים - 4-26/10/2025-חברון,26/10/2025 2:00,1,שקית נעלים - 4,ערערה בנגב,חברון,,אחר,11/10/2025 4:28pm,443
"444-כרית - 18, שמיכת פוך - 6, שקית בגדים - 4-27/10/2025-חברון",27/10/2025 2:00,1,"כרית - 18,שמיכת פוך - 6,שקית בגדים - 4",ערערה בנגב,חברון,,חברון,11/10/2025 4:30pm,444
445-שולחן - 2-27/10/2025-רהט,27/10/2025 2:00,2,שולחן - 2,רהט,רהט,,,11/10/2025 4:30pm,445
446-שטיחים לבית - 8-27/10/2025-ערערה בנגב,27/10/2025 2:00,1,שטיחים לבית - 8,ערערה בנגב,ערערה בנגב,,,11/10/2025 4:31pm,446
447-סט מצעים וכריות - 12-27/10/2025-כסיפה,27/10/2025 2:00,1,סט מצעים וכריות - 12,ערערה בנגב,כסיפה,,,11/10/2025 4:32pm,447
448-שקית בגדים - 6-28/10/2025-חברון,28/10/2025 2:00,1,שקית בגדים - 6,ערערה בנגב,חברון,,חברון,11/10/2025 4:34pm,448
449-כרית - 12-28/10/2025-כסיפה,28/10/2025 2:00,1,כרית - 12,ערערה בנגב,כסיפה,,,11/10/2025 4:34pm,449
450-קרטון כלי מטבח - 5-30/10/2025-כסיפה,30/10/2025 2:00,1,קרטון כלי מטבח - 5,ערערה בנגב,כסיפה,,,11/10/2025 4:37pm,450
451-שטיחים לבית - 6-30/10/2025-ערערה בנגב,30/10/2025 2:00,1,שטיחים לבית - 6,ערערה בנגב,ערערה בנגב,,,11/10/2025 4:38pm,451
452-משחקים לילדים  - 6-31/10/2025-נווה מדבר,31/10/2025 2:00,1,משחקים לילדים  - 6,ערערה בנגב,נווה מדבר,,,11/10/2025 4:39pm,452
453-שקית בגדים - 8-31/10/2025-חברון,31/10/2025 2:00,1,שקית בגדים - 8,ערערה בנגב,חברון,,חברון,11/10/2025 4:39pm,453
"454-מנות אוכל - 25-31/10/2025-ערערה בנגב, כסיפה, נווה מדבר",31/10/2025 2:00,25,מנות אוכל - 25,ערערה בנגב,"ערערה בנגב,כסיפה,נווה מדבר",,,11/10/2025 4:40pm,454
455-קרטון כלי מטבח - 4-31/10/2025-כסיפה,31/10/2025 2:00,1,קרטון כלי מטבח - 4,כסיפה,כסיפה,,,11/10/2025 4:41pm,455
456-מדיח כלים - 1-31/10/2025-ערערה בנגב,31/10/2025 2:00,1,מדיח כלים - 1,ערערה בנגב,ערערה בנגב,,,11/10/2025 4:42pm,456
"457-שקית בגדים - 30-31/10/2025-שגב שלום, נווה מדבר",31/10/2025 2:00,6,שקית בגדים - 30,שגב שלום,"שגב שלום,נווה מדבר",,,11/10/2025 4:43pm,457
"458-קרטון כלי מטבח - 5, שקית בגדים - 8, שקית נעלים - 4-01/11/2025-רהט",01/11/2025 2:00,1,"קרטון כלי מטבח - 5,שקית בגדים - 8,שקית נעלים - 4",רהט,רהט,,,11/10/2025 4:45pm,458
"459-תיק בית ספר - 12, שקית בגדים - 5-02/11/2025-כסיפה, ערערה בנגב",02/11/2025 2:00,3,"תיק בית ספר - 12,שקית בגדים - 5",ערערה בנגב,"כסיפה,ערערה בנגב",,,11/10/2025 4:47pm,459
460-שקית בגדים - 12-02/11/2025-רהט,02/11/2025 2:00,1,שקית בגדים - 12,רהט,רהט,,,11/10/2025 4:48pm,460
"461-שמיכת פוך - 4, מיקרוגל - 1, קרטון כלי מטבח - 20-02/11/2025-ערערה בנגב, כסיפה, נווה מדבר, חורה",02/11/2025 2:00,4,"שמיכת פוך - 4,מיקרוגל - 1,קרטון כלי מטבח - 20",ערערה בנגב,"ערערה בנגב,כסיפה,נווה מדבר,חורה",,,11/10/2025 4:50pm,461
462-שקית בגדים - 6-02/11/2025-נווה מדבר,02/11/2025 2:00,1,שקית בגדים - 6,ערערה בנגב,נווה מדבר,,,11/10/2025 4:51pm,462
463-שקית בגדים - 6-03/11/2025-חברון,03/11/2025 2:00,1,שקית בגדים - 6,ערערה בנגב,חברון,,חברון,11/10/2025 4:52pm,463
"464-נדנדה לתינוק - 1, עגלה לתינוק - 1, שקית ציוד לתינוק - 2, כיסא בטיחות לרכב - 1, כרית - 12, שמיכת פוך - 2-03/11/2025-כסיפה, חברון",03/11/2025 2:00,2,"נדנדה לתינוק - 1,עגלה לתינוק - 1,שקית ציוד לתינוק - 2,כיסא בטיחות לרכב - 1,כרית - 12,שמיכת פוך - 2",ערערה בנגב,"כסיפה,חברון",,חברון,11/10/2025 4:54pm,464
465-שקית בגדים - 8-03/11/2025-חברון,03/11/2025 2:00,1,שקית בגדים - 8,ערערה בנגב,חברון,,חברון,11/10/2025 4:55pm,465
466-שקית בגדים - 6-03/11/2025-חורה,03/11/2025 2:00,1,שקית בגדים - 6,חורה,חורה,,,11/10/2025 4:56pm,466
"467-תיק בית ספר - 8, תיקים לנשים - 12, שקית בגדים - 16-04/11/2025-ערערה בנגב, כסיפה",04/11/2025 2:00,2,"תיק בית ספר - 8,תיקים לנשים - 12,שקית בגדים - 16",ערערה בנגב,"ערערה בנגב,כסיפה",,,11/10/2025 4:59pm,467
"468-סדינים למיטה - 30-04/11/2025-נווה מדבר, ערערה בנגב, חברון",04/11/2025 2:00,3,סדינים למיטה - 30,ערערה בנגב,"נווה מדבר,ערערה בנגב,חברון",,חברון,11/10/2025 5:00pm,468
"469-שקית בגדים - 12, שקית נעלים - 4-04/11/2025-נווה מדבר, חברון",04/11/2025 2:00,2,"שקית בגדים - 12,שקית נעלים - 4",ערערה בנגב,"נווה מדבר,חברון",,חברון,11/10/2025 5:01pm,469
"470-שקית בגדים - 6, שקית נעלים - 3, שקית ציוד לתינוק - 3-05/11/2025-נווה מדבר",05/11/2025 2:00,1,"שקית בגדים - 6,שקית נעלים - 3,שקית ציוד לתינוק - 3",ערערה בנגב,נווה מדבר,,,11/10/2025 5:03pm,470
471-שקית בגדים - 10-06/11/2025-חברון,06/11/2025 2:00,1,שקית בגדים - 10,ערערה בנגב,חברון,,חברון,11/10/2025 5:05pm,471
472-קרטון כלי מטבח - 6-06/11/2025-כסיפה,06/11/2025 2:00,1,קרטון כלי מטבח - 6,ערערה בנגב,כסיפה,,,11/10/2025 5:06pm,472
473-כרית - 12-06/11/2025-נווה מדבר,06/11/2025 2:00,1,כרית - 12,ערערה בנגב,נווה מדבר,,,11/10/2025 5:06pm,473
474-מיטה לתינוק - 1-06/11/2025-כסיפה,06/11/2025 2:00,1,מיטה לתינוק - 1,ערערה בנגב,כסיפה,,,11/10/2025 5:07pm,474
475-שקית נעלים - 6-06/11/2025-חורה,06/11/2025 2:00,1,שקית נעלים - 6,חורה,חורה,,,11/10/2025 5:08pm,475
476-שקית בגדים - 12-06/11/2025-רהט,06/11/2025 2:00,1,שקית בגדים - 12,רהט,רהט,,,11/10/2025 5:08pm,476
"477-שקית בגדים - 25-07/11/2025-שגב שלום, נווה מדבר",07/11/2025 2:00,3,שקית בגדים - 25,שגב שלום,"שגב שלום,נווה מדבר",,,11/10/2025 5:09pm,477
478-קרטון כלי מטבח - 6-07/11/2025-נווה מדבר,07/11/2025 2:00,1,קרטון כלי מטבח - 6,ערערה בנגב,נווה מדבר,,,11/10/2025 5:10pm,478
479-שקית בגדים - 15-07/11/2025-אל קסום,07/11/2025 2:00,1,שקית בגדים - 15,רהט,אל קסום,,,11/10/2025 5:11pm,479
480-מקרר - 1-07/11/2025-כסיפה,07/11/2025 2:00,1,מקרר - 1,ערערה בנגב,כסיפה,,,11/10/2025 5:11pm,480
481-מיטה לתינוק - 1-07/11/2025-נווה מדבר,07/11/2025 2:00,1,מיטה לתינוק - 1,ערערה בנגב,נווה מדבר,,,11/10/2025 5:12pm,481
482-מיטה לתינוק - 1-07/11/2025-רהט,07/11/2025 2:00,1,מיטה לתינוק - 1,רהט,רהט,,,11/10/2025 5:12pm,482
"483-שקית בגדים - 4, שקית נעלים - 2-08/11/2025-חברון",08/11/2025 2:00,1,"שקית בגדים - 4,שקית נעלים - 2",ערערה בנגב,חברון,,חברון,11/10/2025 5:14pm,483
"484-תיק בית ספר - 20, שקית בגדים - 10, שקית נעלים - 3-08/11/2025-כסיפה, חורה",08/11/2025 2:00,2,"תיק בית ספר - 20,שקית בגדים - 10,שקית נעלים - 3",ערערה בנגב,"כסיפה,חורה",,,11/10/2025 5:16pm,484
"485-שקית בגדים - 8, שקית נעלים - 5, שטיחים לבית - 8, וילונות - 4, שמיכת פוך - 3, כרית - 6-08/11/2025-נווה מדבר, חורה, חברון",08/11/2025 2:00,4,"שקית בגדים - 8,שקית נעלים - 5,שטיחים לבית - 8,וילונות - 4,שמיכת פוך - 3,כרית - 6",ערערה בנגב,"נווה מדבר,חורה,חברון",,חברון,11/10/2025 5:19pm,485
486-שקית בגדים - 8-08/11/2025-כסיפה,08/11/2025 2:00,1,שקית בגדים - 8,ערערה בנגב,כסיפה,,,11/10/2025 5:19pm,486
487-שקית בגדים - 12-08/11/2025-חברון,08/11/2025 2:00,1,שקית בגדים - 12,חורה,חברון,,חברון,11/10/2025 5:20pm,487
488-שקית בגדים - 6-08/11/2025-כסיפה,08/11/2025 2:00,1,שקית בגדים - 6,כסיפה,כסיפה,,,11/10/2025 5:21pm,488
"489-שקית בגדים - 6, תיק בית ספר - 10-08/11/2025-חברון",08/11/2025 2:00,1,"שקית בגדים - 6,תיק בית ספר - 10",ערערה בנגב,חברון,,חברון,11/10/2025 5:22pm,489
490-שקית בגדים - 12-08/11/2025-נווה מדבר,08/11/2025 2:00,1,שקית בגדים - 12,ערערה בנגב,נווה מדבר,,,11/10/2025 5:22pm,490
491-מיטה לתינוק - 1-09/11/2025-נווה מדבר,09/11/2025 2:00,1,מיטה לתינוק - 1,ערערה בנגב,נווה מדבר,,,11/10/2025 5:24pm,491
492-מיטה לתינוק - 1-09/11/2025-אל קסום,09/11/2025 2:00,1,מיטה לתינוק - 1,רהט,אל קסום,,,11/10/2025 5:24pm,492
493-שקית ציוד לתינוק - 2-10/11/2025-ערערה בנגב,10/11/2025 2:00,1,שקית ציוד לתינוק - 2,ערערה בנגב,ערערה בנגב,,,11/10/2025 5:27pm,493
"494-שקית בגדים - 5, שקית נעלים - 6-10/11/2025-כסיפה",10/11/2025 2:00,1,"שקית בגדים - 5,שקית נעלים - 6",ערערה בנגב,כסיפה,,,11/10/2025 5:28pm,494
495-שקית בגדים - 5-10/11/2025-חורה,10/11/2025 2:00,1,שקית בגדים - 5,חורה,חורה,,,11/10/2025 5:29pm,495
"496-שקית בגדים - 8, שמיכה - 6, תיק בית ספר - 7, שקית ציוד לתינוק - 2-10/11/2025-רהט, אל קסום",10/11/2025 2:00,2,"שקית בגדים - 8,שמיכה - 6,תיק בית ספר - 7,שקית ציוד לתינוק - 2",רהט,"רהט,אל קסום",,,11/10/2025 5:30pm,496
497-כיריים גז - 1-11/11/2025-ערערה בנגב,11/11/2025 2:00,1,כיריים גז - 1,ערערה בנגב,ערערה בנגב,,,11/19/2025 11:22am,497
498-מיטת תינוק - 1-11/11/2025-נווה מדבר,11/11/2025 2:00,1,מיטת תינוק - 1,ערערה בנגב,נווה מדבר,,,11/19/2025 11:30am,498
"499-שקית נעלים - 3, שקית ציוד לתינוק - 1-11/11/2025-כסיפה",11/11/2025 2:00,1,"שקית נעלים - 3,שקית ציוד לתינוק - 1",ערערה בנגב,כסיפה,,,11/19/2025 11:34am,499
500-שקית בגדים - 3-11/11/2025-כסיפה,11/11/2025 2:00,1,שקית בגדים - 3,כסיפה,כסיפה,,,11/19/2025 11:35am,500
501-שקית נעלים - 2-11/11/2025-נווה מדבר,11/11/2025 2:00,1,שקית נעלים - 2,ערערה בנגב,נווה מדבר,,,11/19/2025 11:36am,501
"502-שקית בגדים - 3, תיק בית ספר - 4-12/11/2025-חברון",12/11/2025 2:00,1,"שקית בגדים - 3,תיק בית ספר - 4",ערערה בנגב,חברון,,חברון,11/19/2025 11:40am,502
503-שקית בגדים - 12-12/11/2025-כסיפה,12/11/2025 2:00,1,שקית בגדים - 12,כסיפה,כסיפה,,,11/19/2025 12:03pm,503
504-שקית בגדים - 4-12/11/2025-חורה,12/11/2025 2:00,1,שקית בגדים - 4,חורה,חורה,,,11/19/2025 12:04pm,504
"505-קרטון כלי מטבח - 2, שקית בגדים - 3-12/11/2025-חברון",12/11/2025 2:00,1,"קרטון כלי מטבח - 2,שקית בגדים - 3",ערערה בנגב,חברון,,חברון,11/19/2025 12:05pm,505
506-שקית בגדים - 8-12/11/2025-ערערה בנגב,12/11/2025 2:00,1,שקית בגדים - 8,ערערה בנגב,ערערה בנגב,,,11/19/2025 12:06pm,506
507-תיקים לנשים - 11-12/11/2025-רהט,12/11/2025 2:00,2,תיקים לנשים - 11,רהט,רהט,,,11/19/2025 12:07pm,507
"508-קרטון כלי מטבח - 12-12/11/2025-ערערה בנגב, חברון",12/11/2025 2:00,2,קרטון כלי מטבח - 12,ערערה בנגב,"ערערה בנגב,חברון",,חברון,11/19/2025 12:08pm,508
509-שקית בגדים - 7-13/11/2025-אל קסום,13/11/2025 2:00,1,שקית בגדים - 7,ערערה בנגב,אל קסום,,,11/19/2025 12:11pm,509
510-מיטה לתינוק - 1-13/11/2025-אל קסום,13/11/2025 2:00,1,מיטה לתינוק - 1,לקיה,אל קסום,,,11/19/2025 12:13pm,510
511-שקית בגדים - 6-13/11/2025-ערערה בנגב,13/11/2025 2:00,1,שקית בגדים - 6,ערערה בנגב,ערערה בנגב,,,11/19/2025 12:14pm,511
512-שקית בגדים - 4-13/11/2025-נווה מדבר,13/11/2025 2:00,1,שקית בגדים - 4,נווה מדבר,נווה מדבר,,,11/19/2025 12:17pm,512
"513-שקית נעלים - 3, תיקים לנשים - 8, שקית בגדים - 8-13/11/2025-כסיפה",13/11/2025 2:00,1,"שקית נעלים - 3,תיקים לנשים - 8,שקית בגדים - 8",ערערה בנגב,כסיפה,,,11/19/2025 12:23pm,513
514-כרית - 25-13/11/2025-אל קסום,13/11/2025 2:00,1,כרית - 25,לקיה,אל קסום,,,11/19/2025 12:24pm,514
"515-נברשת - 18-13/11/2025-אל קסום, רהט",13/11/2025 2:00,6,נברשת - 18,רהט,"אל קסום,רהט",,,11/19/2025 12:28pm,515
516-שקית בגדים - 8-13/11/2025-ערערה בנגב,13/11/2025 2:00,1,שקית בגדים - 8,ערערה בנגב,ערערה בנגב,,,11/19/2025 12:29pm,516
517-שקית בגדים - 16-14/11/2025-חברון,14/11/2025 2:00,1,שקית בגדים - 16,ערערה בנגב,חברון,,חברון,11/19/2025 12:32pm,517
518-מכונת כביסה - 1-14/11/2025-נווה מדבר,14/11/2025 2:00,1,מכונת כביסה - 1,ערערה בנגב,נווה מדבר,,,11/19/2025 12:32pm,518
519-שקית ציוד לתינוק - 6-14/11/2025-נווה מדבר,14/11/2025 2:00,1,שקית ציוד לתינוק - 6,ערערה בנגב,נווה מדבר,,,11/19/2025 12:33pm,519
520-שקית ציוד לתינוק - 6-14/11/2025-כסיפה,14/11/2025 2:00,1,שקית ציוד לתינוק - 6,ערערה בנגב,כסיפה,,,11/19/2025 12:34pm,520
521-מיטה לתינוק - 1-14/11/2025-כסיפה,14/11/2025 2:00,1,מיטה לתינוק - 1,ערערה בנגב,כסיפה,,,11/19/2025 12:36pm,521
"522-סדינים למיטה - 6, שמיכת פוך - 5, כרית - 15, שקית בגדים - 8-15/11/2025-ערערה בנגב, נווה מדבר",15/11/2025 2:00,3,"סדינים למיטה - 6,שמיכת פוך - 5,כרית - 15,שקית בגדים - 8",ערערה בנגב,"ערערה בנגב,נווה מדבר",,,11/19/2025 12:39pm,522
523-סט ספות - 1-15/11/2025-ערערה בנגב,15/11/2025 2:00,1,סט ספות - 1,ערערה בנגב,ערערה בנגב,,,11/19/2025 12:40pm,523
524-שקית בגדים - 12-15/11/2025-כסיפה,15/11/2025 2:00,1,שקית בגדים - 12,ערערה בנגב,כסיפה,,,11/19/2025 12:40pm,524
525-קרטון כלי מטבח - 4-15/11/2025-ערערה בנגב,15/11/2025 2:00,1,קרטון כלי מטבח - 4,ערערה בנגב,ערערה בנגב,,,11/19/2025 12:41pm,525
"526-שקית בגדים - 12, שקית נעלים - 8-15/11/2025-נווה מדבר",15/11/2025 2:00,1,"שקית בגדים - 12,שקית נעלים - 8",ערערה בנגב,נווה מדבר,,,11/19/2025 12:58pm,526
"527-שמיכת פוך - 6, כרית - 12, שמיכה - 5-15/11/2025-ערערה בנגב, כסיפה, נווה מדבר",15/11/2025 2:00,3,"שמיכת פוך - 6,כרית - 12,שמיכה - 5",ערערה בנגב,"ערערה בנגב,כסיפה,נווה מדבר",,,11/19/2025 12:59pm,527
528-שקית בגדים - 12-15/11/2025-חברון,15/11/2025 2:00,1,שקית בגדים - 12,ערערה בנגב,חברון,,חברון,11/19/2025 1:00pm,528
529-כיסא לתינוק - 1-15/11/2025-ערערה בנגב,15/11/2025 2:00,1,כיסא לתינוק - 1,ערערה בנגב,ערערה בנגב,,,11/19/2025 1:01pm,529
530-שקית בגדים - 12-15/11/2025-כסיפה,15/11/2025 2:00,1,שקית בגדים - 12,כסיפה,כסיפה,,,11/19/2025 1:02pm,530
531-שקית בגדים - 8-15/11/2025-אל קסום,15/11/2025 2:00,1,שקית בגדים - 8,ערערה בנגב,אל קסום,,,11/19/2025 1:03pm,531
"532-וילונות - 24-16/11/2025-ערערה בנגב, נווה מדבר, כסיפה, חברון",16/11/2025 2:00,4,וילונות - 24,ערערה בנגב,"ערערה בנגב,נווה מדבר,כסיפה,חברון",,חברון,11/19/2025 1:04pm,532
533-שקית בגדים - 5-16/11/2025-ערערה בנגב,16/11/2025 2:00,1,שקית בגדים - 5,ערערה בנגב,ערערה בנגב,,,11/19/2025 1:05pm,533
534-תנור חימום - 1-17/11/2025-תל שבע,17/11/2025 2:00,1,תנור חימום - 1,תל שבע,תל שבע,,,11/19/2025 1:06pm,534
535-דלת - 1-17/11/2025-ערערה בנגב,17/11/2025 2:00,1,דלת - 1,ערערה בנגב,ערערה בנגב,,,11/19/2025 1:08pm,535
"536-שקית בגדים - 4, מזרן - 3-17/11/2025-חורה, אל קסום",17/11/2025 2:00,2,"שקית בגדים - 4,מזרן - 3",חורה,"חורה,אל קסום",,,11/19/2025 1:09pm,536
"537-קומקום חשמלי - 5-17/11/2025-אל קסום, תל שבע",17/11/2025 2:00,2,קומקום חשמלי - 5,תל שבע,"אל קסום,תל שבע",,,11/19/2025 1:09pm,537
538-שקית בגדים - 7-17/11/2025-ערערה בנגב,17/11/2025 2:00,1,שקית בגדים - 7,ערערה בנגב,ערערה בנגב,,,11/19/2025 3:39pm,538
"539-תנור חימום - 8, שמיכה - 8-18/11/2025-אל קסום, לקיה, תל שבע, חורה",18/11/2025 2:00,16,"תנור חימום - 8,שמיכה - 8",אל קסום,"אל קסום,לקיה,תל שבע,חורה",,,11/19/2025 3:41pm,539
540-מכונת כביסה - 1-18/11/2025-ערערה בנגב,18/11/2025 2:00,1,מכונת כביסה - 1,ערערה בנגב,ערערה בנגב,,,11/19/2025 3:45pm,540
"541-מוצרי מזון - 10-20/11/2025-ערערה בנגב, נווה מדבר",20/11/2025 2:00,3,מוצרי מזון - 10,ערערה בנגב,"ערערה בנגב,נווה מדבר",,,12/5/2025 8:58pm,541
"542-שקית בגדים - 4, שטיחים לבית - 5, שמיכת פוך - 8, סט מצעים וכריות - 1-20/11/2025-לקיה, אל קסום",20/11/2025 2:00,2,"שקית בגדים - 4,שטיחים לבית - 5,שמיכת פוך - 8,סט מצעים וכריות - 1",לקיה,"לקיה,אל קסום",,,12/5/2025 9:02pm,542
543-שקית בגדים - 3-20/11/2025-ערערה בנגב,20/11/2025 2:00,1,שקית בגדים - 3,ערערה בנגב,ערערה בנגב,,,12/5/2025 9:04pm,543
"544-קרטון כלי מטבח - 8-20/11/2025-לקיה, חורה",20/11/2025 2:00,2,קרטון כלי מטבח - 8,לקיה,"לקיה,חורה",,,12/5/2025 9:05pm,544
545-שקית בגדים - 12-20/11/2025-חורה,20/11/2025 2:00,1,שקית בגדים - 12,חורה,חורה,,,12/5/2025 9:06pm,545
546-קרטון כלי מטבח - 5-21/11/2025-לקיה,21/11/2025 2:00,1,קרטון כלי מטבח - 5,לקיה,לקיה,,,12/5/2025 9:07pm,546
"547-מכונת כביסה - 1, שולחן אוכל - 1, מיטה לתינוק - 1, שואב אבק - 1, סט מצעים וכריות - 1-21/11/2025-כסיפה, ערערה בנגב, חברון",21/11/2025 2:00,3,"מכונת כביסה - 1,שולחן אוכל - 1,מיטה לתינוק - 1,שואב אבק - 1,סט מצעים וכריות - 1",ערערה בנגב,"כסיפה,ערערה בנגב,חברון",,חברון,12/5/2025 9:13pm,547
548-תיקים לנשים - 12-21/11/2025-רהט,21/11/2025 2:00,1,תיקים לנשים - 12,רהט,רהט,,,12/5/2025 9:15pm,548
549-מקרר - 1-21/11/2025-ערערה בנגב,21/11/2025 2:00,1,מקרר - 1,ערערה בנגב,ערערה בנגב,,,12/5/2025 9:16pm,549
550-שקית בגדים - 6-21/11/2025-חברון,21/11/2025 2:00,1,שקית בגדים - 6,ערערה בנגב,חברון,,חברון,12/5/2025 9:17pm,550
551-שקית בגדים - 12-21/11/2025-חורה,21/11/2025 2:00,1,שקית בגדים - 12,חורה,חורה,,,12/5/2025 9:34pm,551
552-שקית בגדים - 8-21/11/2025-ערערה בנגב,21/11/2025 2:00,1,שקית בגדים - 8,ערערה בנגב,ערערה בנגב,,,12/5/2025 9:35pm,552
"553-שקית בגדים - 5, מזוודה - 2, תיקים לנשים - 25-05/12/2025-חברון",05/12/2025 2:00,1,"שקית בגדים - 5,מזוודה - 2,תיקים לנשים - 25",ערערה בנגב,חברון,,חברון,12/5/2025 9:40pm,553
554-תיק בית ספר - 6-22/11/2025-נווה מדבר,22/11/2025 2:00,1,תיק בית ספר - 6,ערערה בנגב,נווה מדבר,,,12/5/2025 9:41pm,554
555-שקית ציוד לתינוק - 6-22/11/2025-ערערה בנגב,22/11/2025 2:00,1,שקית ציוד לתינוק - 6,ערערה בנגב,ערערה בנגב,,,12/5/2025 9:43pm,555
556-סט ספות - 1-22/11/2025-ערערה בנגב,22/11/2025 2:00,1,סט ספות - 1,ערערה בנגב,ערערה בנגב,,,12/5/2025 9:44pm,556
557-שקית בגדים - 5-22/11/2025-ערערה בנגב,22/11/2025 2:00,1,שקית בגדים - 5,ערערה בנגב,ערערה בנגב,,,12/5/2025 9:45pm,557
"558-שקית בגדים - 12-22/11/2025-ערערה בנגב, כסיפה",22/11/2025 2:00,2,שקית בגדים - 12,ערערה בנגב,"ערערה בנגב,כסיפה",,,12/5/2025 9:46pm,558
559-מדיח כלים - 1-22/11/2025-כסיפה,22/11/2025 2:00,1,מדיח כלים - 1,כסיפה,כסיפה,,,12/5/2025 9:47pm,559
560-שקית בגדים - 6-22/11/2025-כסיפה,22/11/2025 2:00,1,שקית בגדים - 6,כסיפה,כסיפה,,,12/5/2025 9:48pm,560
561-עציץ עם עץ - 3-22/11/2025-ערערה בנגב,22/11/2025 2:00,1,עציץ עם עץ - 3,ערערה בנגב,ערערה בנגב,,,12/5/2025 9:50pm,561
562-תיק בית ספר - 6-22/12/2025-כסיפה,22/12/2025 2:00,1,תיק בית ספר - 6,כסיפה,כסיפה,,,12/5/2025 9:52pm,562
"563-שקית בגדים - 5, שקית נעלים - 4-22/12/2025-כסיפה",22/12/2025 2:00,1,"שקית בגדים - 5,שקית נעלים - 4",כסיפה,כסיפה,,,12/5/2025 9:54pm,563
564-שקית בגדים - 8-23/11/2025-אל קסום,23/11/2025 2:00,1,שקית בגדים - 8,חורה,אל קסום,,,12/5/2025 9:58pm,564
"565-שקית בגדים - 4, שמיכת פוך - 3-23/11/2025-נווה מדבר",23/11/2025 2:00,1,"שקית בגדים - 4,שמיכת פוך - 3",ערערה בנגב,נווה מדבר,,,12/5/2025 10:00pm,565
566-מקרר - 1-23/11/2025-ערערה בנגב,23/11/2025 2:00,1,מקרר - 1,ערערה בנגב,ערערה בנגב,,,12/5/2025 10:01pm,566
567-שקית בגדים - 3-23/11/2025-חברון,23/11/2025 2:00,1,שקית בגדים - 3,ערערה בנגב,חברון,,חברון,12/5/2025 10:03pm,567
568-שקית בגדים - 6-23/11/2025-ערערה בנגב,23/11/2025 2:00,1,שקית בגדים - 6,ערערה בנגב,ערערה בנגב,,,12/5/2025 10:03pm,568
"569-שקית בגדים - 3, שקית נעלים - 1-23/11/2025-נווה מדבר",23/11/2025 2:00,1,"שקית בגדים - 3,שקית נעלים - 1",נווה מדבר,נווה מדבר,,,12/5/2025 10:05pm,569
"570-מיטה - 2, מזרן - 2-24/11/2025-אל קסום",24/11/2025 2:00,1,"מיטה - 2,מזרן - 2",ערערה בנגב,אל קסום,,,12/5/2025 10:07pm,570
571-שקית בגדים - 5-24/11/2025-כסיפה,24/11/2025 2:00,1,שקית בגדים - 5,ערערה בנגב,כסיפה,,,12/5/2025 10:09pm,571
572-ערכת ציוד אדריכלות ושרטוט - 1-05/12/2025-חורה,05/12/2025 2:00,1,ערכת ציוד אדריכלות ושרטוט - 1,ערערה בנגב,חורה,,,12/5/2025 10:12pm,572
"573-שקית בגדים - 5, עציץ עם עץ - 3, תכשיטים לבית - 10-25/11/2025-ערערה בנגב",25/11/2025 2:00,1,"שקית בגדים - 5,עציץ עם עץ - 3,תכשיטים לבית - 10",ערערה בנגב,ערערה בנגב,,,12/5/2025 10:20pm,573
574-שקית בגדים - 4-25/11/2025-נווה מדבר,25/11/2025 2:00,1,שקית בגדים - 4,ערערה בנגב,נווה מדבר,,,12/5/2025 10:21pm,574
575-מיטה - 1-25/11/2025-ערערה בנגב,25/11/2025 2:00,1,מיטה - 1,ערערה בנגב,ערערה בנגב,,,12/5/2025 10:22pm,575
"576-קופסת אוכל קלקר - 120-05/12/2025-ערערה בנגב, נווה מדבר",05/12/2025 2:00,2,קופסת אוכל קלקר - 120,ערערה בנגב,"ערערה בנגב,נווה מדבר",,,12/5/2025 10:25pm,576
"577-מיטה - 1, ארון בגדים - 1-26/12/2025-נווה מדבר",26/12/2025 2:00,1,"מיטה - 1,ארון בגדים - 1",ערערה בנגב,נווה מדבר,,,12/5/2025 10:27pm,577
578-תיק בית ספר - 14-26/12/2025-חברון,26/12/2025 2:00,1,תיק בית ספר - 14,ערערה בנגב,חברון,,חברון,12/5/2025 10:28pm,578
"579-תיק בית ספר - 18-26/12/2025-ערערה בנגב, כסיפה",26/12/2025 2:00,2,תיק בית ספר - 18,ערערה בנגב,"ערערה בנגב,כסיפה",,,12/5/2025 10:29pm,579
"580-שקית בגדים - 5, שקית נעלים - 2-26/12/2025-חברון",26/12/2025 2:00,1,"שקית בגדים - 5,שקית נעלים - 2",ערערה בנגב,חברון,,חברון,12/5/2025 10:30pm,580
581-שקית בגדים - 8-27/12/2025-ערערה בנגב,27/12/2025 2:00,1,שקית בגדים - 8,ערערה בנגב,ערערה בנגב,,,12/5/2025 10:33pm,581
582-שקית ציוד לתינוק - 6-27/12/2025-כסיפה,27/12/2025 2:00,1,שקית ציוד לתינוק - 6,ערערה בנגב,כסיפה,,,12/5/2025 10:34pm,582
"583-שקית נעלים - 3, מדפסת - 1, אקווריום עם פילטר - 1-27/12/2025-ערערה בנגב, נווה מדבר",27/12/2025 2:00,2,"שקית נעלים - 3,מדפסת - 1,אקווריום עם פילטר - 1",ערערה בנגב,"ערערה בנגב,נווה מדבר",,,12/5/2025 10:37pm,583
"584-מיטה לתינוק - 1, מזרן - 1-27/12/2025-רהט",27/12/2025 2:00,1,"מיטה לתינוק - 1,מזרן - 1",רהט,רהט,,,12/5/2025 10:39pm,584
585-מטרנה לתינוק - 3-27/12/2025-ערערה בנגב,27/12/2025 2:00,1,מטרנה לתינוק - 3,ערערה בנגב,ערערה בנגב,,,12/5/2025 10:40pm,585
586-מזנון לסלון - 1-28/11/2025-רהט,28/11/2025 2:00,1,מזנון לסלון - 1,רהט,רהט,,,12/5/2025 10:45pm,586
587-שקית נעלים - 4-28/11/2025-נווה מדבר,28/11/2025 2:00,1,שקית נעלים - 4,ערערה בנגב,נווה מדבר,,,12/5/2025 10:47pm,587
588-שידה לתינוק - 1-28/11/2025-נווה מדבר,28/11/2025 2:00,1,שידה לתינוק - 1,ערערה בנגב,נווה מדבר,,,12/5/2025 10:48pm,588
589-שקית בגדים - 3-28/11/2025-כסיפה,28/11/2025 2:00,1,שקית בגדים - 3,ערערה בנגב,כסיפה,,,12/5/2025 10:49pm,589
590-מיטה לתינוק - 1-29/11/2025-אל קסום,29/11/2025 2:00,1,מיטה לתינוק - 1,רהט,אל קסום,,,12/5/2025 10:51pm,590
"591-מיטה לתינוק - 1, מזרן - 1-28/11/2025-נווה מדבר",28/11/2025 2:00,1,"מיטה לתינוק - 1,מזרן - 1",ערערה בנגב,נווה מדבר,,,12/5/2025 10:52pm,591
"592-שטיחים לבית - 6, קרש גיהוץ - 1, מגהץ - 1, סלים מעוצבים - 1-28/11/2025-נווה מדבר",28/11/2025 2:00,1,"שטיחים לבית - 6,קרש גיהוץ - 1,מגהץ - 1,סלים מעוצבים - 1",ערערה בנגב,נווה מדבר,,,12/5/2025 10:55pm,592
593-שקית נעלים - 7-28/11/2025-רהט,28/11/2025 2:00,1,שקית נעלים - 7,אחר,רהט,להבים,,12/5/2025 10:56pm,593
594-סט ספות - 1-28/11/2025-נווה מדבר,28/11/2025 2:00,1,סט ספות - 1,ערערה בנגב,נווה מדבר,,,12/5/2025 10:57pm,594
595-עגלה לתינוק - 1-28/11/2025-חורה,28/11/2025 2:00,1,עגלה לתינוק - 1,ערערה בנגב,חורה,,,12/5/2025 10:59pm,595
596-מטרנה לתינוק - 2-30/11/2025-נווה מדבר,30/11/2025 2:00,1,מטרנה לתינוק - 2,שגב שלום,נווה מדבר,,,12/5/2025 11:02pm,596
597-מיטה - 1-30/11/2025-אל קסום,30/11/2025 2:00,1,מיטה - 1,לקיה,אל קסום,,,12/5/2025 11:05pm,597
598-ארון בגדים - 1-01/12/2025-ערערה בנגב,01/12/2025 2:00,1,ארון בגדים - 1,ערערה בנגב,ערערה בנגב,,,12/5/2025 11:07pm,598
599-שקית בגדים - 8-01/12/2025-חברון,01/12/2025 2:00,1,שקית בגדים - 8,ערערה בנגב,חברון,,חברון,12/5/2025 11:08pm,599
600-שקית בגדים - 12-02/12/2025-חברון,02/12/2025 2:00,1,שקית בגדים - 12,ערערה בנגב,חברון,,חברון,12/5/2025 11:10pm,600
"601-שקית בגדים - 12, שקית נעלים - 4, קרטון כלי מטבח - 3-03/12/2025-חורה",03/12/2025 2:00,1,"שקית בגדים - 12,שקית נעלים - 4,קרטון כלי מטבח - 3",חורה,חורה,,,12/5/2025 11:11pm,601
"602-שקית בגדים - 25-03/12/2025-כסיפה, אל קסום",03/12/2025 2:00,3,שקית בגדים - 25,כסיפה,"כסיפה,אל קסום",,,12/5/2025 11:14pm,602
"603-שטיחים לבית - 5, מזוודה - 4, שולחן - 1, כרית - 6, הליכון לתינוק - 1, עגלה לתינוק - 1-05/12/2025-ערערה בנגב, נווה מדבר",05/12/2025 2:00,2,"שטיחים לבית - 5,מזוודה - 4,שולחן - 1,כרית - 6,הליכון לתינוק - 1,עגלה לתינוק - 1",ערערה בנגב,"ערערה בנגב,נווה מדבר",,,12/5/2025 11:17pm,603
